allelotype,frequency
DRB1*03:02,13
DRB1*03:01,99932
DRB1*16:01,3369
DRB1*16:02,173
DRB1*09:01,8737
DRB1*14:06,11
DRB1*04:01,69827
DRB1*04:02,1698
DRB1*04:03,515
DRB1*04:04,25547
DRB1*04:05,3032
DRB1*04:06,219
DRB1*04:07,1030
DRB1*04:08,327
DRB1*14:15,4
DRB1*10:01,3842
DRB1*13:05,16
DRB1*13:04,32
DRB1*13:01,33374
DRB1*13:03,5532
DRB1*13:02,25389
DRB1*11:03,1439
DRB1*07:01,97520
DRB1*04:11,3
DRB1*04:10,5
DRB1*08:04,542
DRB1*08:06,371
DRB1*08:07,3
DRB1*08:01,11508
DRB1*08:02,116
DRB1*08:03,1609
DRB1*14:10,0
DRB1*14:02,29
DRB1*14:03,4
DRB1*14:01,12275
DRB1*14:07,0
DRB1*14:04,200
DRB1*14:05,0
DRB1*14:09,0
DRB1*13:15,1
DRB1*13:12,9
DRB1*11:06,2
DRB1*11:04,5944
DRB1*11:02,1210
DRB1*11:01,16760
DRB1*14:44,0
DRB1*11:43,0
DRB1*08:11,2
DRB1*08:10,2
DRB1*01:01,60651
DRB1*01:03,11044
DRB1*01:02,4814
DRB1*13:21,2
DRB1*11:11,3
DRB1*15:03,45
DRB1*15:02,2762
DRB1*15:01,96509
DRB1*12:01,9370
DRB1*12:02,13
