allelotype	GBE_ID
DQB1_302	HC1020
rs9275599	HC1020
rs4959053	HC1020
rs3130858	HC1021
rs114832009	HC1021
rs28397307	HC1021
rs3117002	HC1021
rs9266772	HC1021
rs9277946	HC1021
rs114542476	HC1021
rs204879	HC1021
rs204890	HC1021
rs1611636	HC1021
rs2524276	HC1021
DPB1_301	HC1021
rs2255221	HC1021
DQA1_101	HC1021
rs743400	HC1021
DRB3_9901	HC1021
DRB1_404	HC1021
rs3130159	HC1021
B_4403	HC1021
rs45462992	HC1021
DRB3_9901	HC1023
rs4148878	HC1024
rs9275599	HC1024
rs9405035	HC1024
rs9268284	HC1024
B_801	HC1024
rs3763355	HC1024
rs6906662	HC1024
rs3135352	HC1024
rs17212937	HC1024
DQA1_301	HC1024
rs28732193	HC1024
rs11759423	HC1024
rs3131618	HC1024
rs12660817	HC1024
rs116302426	HC1024
rs241398	HC1024
rs9267673	HC1024
rs28895243	HC1024
rs11759188	HC1036
DQA1_101	HC1036
DQA1_102	HC1036
DRB1_401	HC1036
DQA1_103	HC1036
DQB1_604	HC1036
B_801	HC1036
rs9266772	HC1036
rs11759423	HC1036
rs17212937	HC1036
rs2844456	HC1036
rs9275599	HC1036
rs2855812	HC1036
rs2596472	HC1036
rs4148878	HC1036
rs3131618	HC1036
rs4530903	HC1036
rs558702	HC1036
rs3117582	HC1036
rs3132547	HC1036
DRB1_1302	HC1101
rs17207986	HC1101
DRB1_103	HC1101
rs114751021	HC1101
rs114733011	HC1101
DRB1_103	HC1102
rs117589205	HC1102
rs9275599	HC1102
rs9366762	HC1102
rs3135352	HC1102
rs17207986	HC1102
rs3763355	HC1102
rs4530903	HC1102
rs114751021	HC1102
rs114733011	HC1102
rs2596472	HC1102
A_201	HC1102
rs430916	HC1106
rs2844456	HC1106
rs17212937	HC1106
rs41270488	HC1106
DRB4_103	HC1106
DQB1_302	HC1113
rs3129705	HC1132
DQB1_303	HC1132
rs2855812	HC1132
DRB4_9901	HC1132
B_801	HC1132
DQA1_101	HC1132
rs9275601	HC1132
rs3129012	HC1132
DQB1_301	HC1132
rs9501259	HC1132
rs3117425	HC1132
Affx-28471757	HC1132
DQB1_201	HC1132
rs558702	HC1132
DQA1_501	HC1132
rs1480380	HC1132
rs9262135	HC1132
rs3094035	HC1132
rs885916	HC1132
DRB4_103	HC1132
rs28732081	HC1149
DRB1_103	HC1149
C_602	HC1149
rs3117425	HC1149
rs3117582	HC1149
rs3093668	HC1149
rs2295663	HC1149
rs3131618	HC1149
rs1480380	HC1149
rs558702	HC1149
rs28894993	HC1149
rs2855812	HC1149
rs9267673	HC1158
B_5701	HC1158
DRB1_401	HC1158
rs2844456	HC1158
rs9266381	HC1158
rs28894993	HC1158
rs2517451	HC1158
rs743400	HC1158
rs3093668	HC1158
rs28732193	HC1158
DRB1_101	HC1158
rs9261588	HC1158
rs6906662	HC1158
rs4148878	HC1158
rs11759423	HC1158
rs17212937	HC1158
rs2295663	HC1158
A_301	HC1158
rs28895243	HC1158
rs9268284	HC1158
rs7749924	HC1159
rs2233940	HC1159
rs12213831	HC1159
rs17415601	HC1159
rs12663184	HC1159
rs12215079	HC1159
rs12202207	HC1159
rs9501398	HC1159
rs71563311	HC1159
C_602	HC1159
rs28780100	HC1159
rs9267673	HC1159
rs2295663	HC1159
B_5701	HC1159
rs28732193	HC1159
rs28895243	HC1159
rs6906662	HC1159
rs3093668	HC1159
rs28732081	HC1159
rs28894993	HC1159
rs9267576	HC1162
rs3135352	HC1162
rs2736186	HC1162
rs7767167	HC1162
rs116462901	HC1162
rs3104402	HC1162
A_301	HC1162
DRB1_102	HC1162
rs4530903	HC1162
DRB1_1001	HC1162
DRB1_101	HC1162
rs71565323	HC1162
rs2517581	HC1162
rs12529400	HC1162
rs2524276	HC1171
DRB1_1101	HC1171
DQA1_101	HC1171
DRB3_9901	HC1176
DQB1_301	HC1176
rs1480380	HC1176
rs2517451	HC1178
rs3132547	HC1178
rs3104402	HC1178
B_702	HC1178
rs3132611	HC1178
rs2857709	HC1178
rs3129988	HC1178
rs2596472	HC1178
rs3130000	HC1178
rs3117582	HC1182
B_801	HC1182
rs9262135	HC1182
rs558702	HC1182
rs3117425	HC1182
rs3094035	HC1182
rs885916	HC1182
rs3131618	HC1182
rs3117425	HC1183
rs3129705	HC1183
rs3129012	HC1183
Affx-28471757	HC1183
rs1480380	HC1183
rs3094035	HC1183
rs9262135	HC1183
rs2855812	HC1183
rs3131618	HC1183
rs3117582	HC1183
rs558702	HC1183
DRB1_404	HC1183
rs885916	HC1183
rs3132547	HC1183
A_201	HC1188
rs9268284	HC1188
rs757260	HC1188
rs9275599	HC1188
rs9263823	HC1188
rs11969717	HC1198
rs2856830	HC1198
DPB1_201	HC1198
rs9277761	HC1198
rs1150743	HC1200
A_2402	HC1200
rs2517600	HC1200
Affx-28471757	HC1200
rs115521560	HC1211
rs11759423	HC1211
rs4530903	HC1211
rs9277761	HC1211
rs2844456	HC1211
rs9275601	HC1211
rs3763355	HC1211
rs9268284	HC1211
rs116302426	HC1211
rs17212937	HC1211
rs4148878	HC1211
DQA1_301	HC1211
rs3128947	HC1211
rs1704996	HC1211
rs34171662	HC1211
rs3873444	HC1211
rs2736173	HC1211
rs7767167	HC1211
rs3135352	HC1211
rs9275599	HC1211
rs9268284	HC1212
rs11759423	HC1212
rs17212937	HC1212
rs4148878	HC1212
rs2844456	HC1212
rs76739100	HC1212
rs3135352	HC1212
rs9275599	HC1212
rs1704996	HC1212
rs3763355	HC1212
rs3128947	HC1212
rs2269475	HC1212
rs743400	HC1212
rs4530903	HC1212
DQA1_102	HC1212
DRB1_401	HC1212
DRB1_101	HC1212
DRB3_202	HC1212
B_2705	HC1212
DRB1_404	HC1212
DQA1_102	HC1230
rs3135352	HC1230
rs9275599	HC1232
rs3763355	HC1232
DQB1_302	HC1232
rs1367728	HC1232
rs885916	HC1233
rs3129012	HC1233
rs2517600	HC1233
rs3129705	HC1233
Affx-28471757	HC1233
rs3131618	HC1233
rs1480380	HC1233
B_801	HC1233
rs558702	HC1233
rs2855812	HC1233
rs9262135	HC1233
rs3094035	HC1233
rs3117425	HC1233
rs3117582	HC1233
DRB1_404	HC1236
rs3131618	HC1236
rs2855812	HC1236
DRB1_401	HC1236
rs9262135	HC1236
rs3117582	HC1236
rs241398	HC1236
rs3763355	HC1236
rs28895243	HC1236
rs116302426	HC1236
rs558702	HC1236
rs3117425	HC1236
rs9268284	HC1236
rs3128947	HC1236
rs3094035	HC1236
rs28894993	HC1236
rs6905389	HC1236
rs9275599	HC1236
rs9267673	HC1236
B_801	HC1236
rs10947131	HC1242
rs17207986	HC1242
rs11759188	HC1242
B_2705	HC1242
rs4530903	HC1242
rs9295967	HC1242
rs2736197	HC1242
rs12202428	HC1242
rs118007953	HC1242
rs114475062	HC1242
rs9366776	HC1242
rs4959053	HC1242
rs9378152	HC1242
rs3093561	HC1242
rs9391714	HC1242
rs114198627	HC1242
rs117292830	HC1242
rs4523128	HC1242
rs76739100	HC1242
rs2269475	HC1242
rs558702	HC125
rs3131618	HC125
rs1480380	HC125
DRB1_401	HC125
rs3117425	HC125
rs3117582	HC125
rs885916	HC125
rs2855812	HC125
Affx-28471757	HC125
rs9262135	HC125
rs3094035	HC125
rs3129705	HC125
rs241398	HC125
rs3093668	HC1304
rs3131618	HC1304
rs3117582	HC1304
rs558702	HC1304
B_5701	HC1304
rs28780100	HC1304
Affx-28471757	HC1304
B_4402	HC1329
rs757260	HC1329
rs9262582	HC1329
rs2844456	HC1329
rs2856830	HC1329
rs13201129	HC1329
DPB1_201	HC1329
rs9266772	HC1329
DRB4_9901	HC1357
rs9267576	HC1357
rs9266772	HC1357
rs2857709	HC1357
rs3094035	HC136
rs743400	HC136
rs3130666	HC136
rs17281677	HC136
rs3129012	HC136
rs6905389	HC136
B_801	HC136
rs3129705	HC136
rs241398	HC136
rs885916	HC136
DRB1_401	HC136
rs558702	HC136
rs3117582	HC136
rs2855812	HC136
rs9262135	HC136
rs3763355	HC136
rs3131618	HC136
rs9275599	HC136
DRB1_404	HC136
rs3117425	HC136
A_201	HC144
DQA1_301	HC1582
DQA1_101	HC169
rs4530903	HC169
rs9275599	HC17
DQB1_201	HC17
DQB1_302	HC17
rs12524487	HC219
rs11759423	HC219
rs2844456	HC219
rs9277761	HC219
rs4148878	HC219
rs17212937	HC219
rs2523684	HC219
rs3131618	HC219
DQB1_604	HC219
rs3135352	HC219
B_1501	HC219
B_2705	HC219
B_3906	HC219
C_501	HC219
DPA1_103	HC219
DQA1_301	HC219
DQA1_501	HC219
DRB5_9901	HC219
rs3117582	HC219
rs558702	HC219
rs241398	HC221
DQB1_201	HC221
rs2736173	HC221
rs3135352	HC221
rs2855812	HC221
rs9267576	HC221
rs2857709	HC221
rs3104402	HC221
rs3218816	HC221
rs7767167	HC221
rs3131618	HC221
rs558702	HC221
rs3117582	HC221
rs115521560	HC221
rs9267673	HC221
rs2596472	HC221
rs9275599	HC221
DQB1_302	HC221
rs2517451	HC221
DRB1_401	HC221
rs9267673	HC261
rs9261418	HC261
rs28894993	HC261
DQA1_301	HC261
rs4148878	HC261
rs17212937	HC261
rs2844456	HC261
rs9262582	HC261
rs11759423	HC261
B_5701	HC261
rs9263823	HC261
rs28732193	HC261
rs2295663	HC261
rs28895243	HC261
rs3093668	HC261
DRB4_101	HC261
rs6906662	HC261
rs558702	HC269
rs7767167	HC269
rs114733011	HC269
rs3104402	HC269
rs3135352	HC269
B_702	HC269
rs4530903	HC269
rs2857709	HC269
rs3117582	HC269
rs7749924	HC269
rs9267576	HC269
DRB4_101	HC303
B_801	HC303
rs3117582	HC303
rs3129012	HC303
DQA1_501	HC303
rs3117425	HC303
rs3129705	HC303
Affx-28471757	HC303
rs2855812	HC303
rs9501259	HC303
rs885916	HC303
DQB1_201	HC303
DQB1_301	HC303
rs9262135	HC303
rs1480380	HC303
rs3131618	HC303
DQA1_101	HC303
rs558702	HC303
DPB1_101	HC303
rs3094035	HC303
rs3117425	HC310
rs3129705	HC310
rs3131618	HC310
rs885916	HC310
rs3094035	HC310
B_801	HC310
rs2517600	HC310
rs3117582	HC310
rs3129012	HC310
rs9262135	HC310
rs558702	HC310
rs558702	HC321
rs2517600	HC321
rs1480380	HC321
rs3129012	HC321
Affx-28471757	HC321
rs3117582	HC321
rs3129705	HC321
rs3117425	HC321
rs3094035	HC321
rs3131618	HC321
rs9262135	HC321
B_801	HC321
rs2855812	HC321
rs885916	HC321
rs4530903	HC430
rs743400	HC430
rs3128947	HC430
rs2269475	HC430
rs1704996	HC430
rs3763355	HC430
rs3135352	HC430
rs2844456	HC430
rs4148878	HC430
rs17212937	HC430
rs11759423	HC430
rs9268284	HC430
rs76739100	HC430
rs9275599	HC430
rs204879	HC430
DRB3_202	HC430
DRB1_401	HC430
DRB1_404	HC430
DQA1_102	HC430
B_2705	HC430
DQA1_101	HC49
rs1611636	HC49
DQA1_103	HC49
rs9277946	HC49
rs9501259	HC49
rs3117002	HC49
rs28397307	HC49
DPB1_301	HC49
rs114832009	HC49
rs3130159	HC49
rs114542476	HC49
rs204879	HC49
rs204890	HC49
rs2524276	HC49
rs2255221	HC49
rs743400	HC49
DPB1_101	HC49
rs9266772	HC49
DRB3_9901	HC49
DRB1_404	HC49
Affx-28436304	HC530
A_201	HC530
rs3094035	HC530
rs12660817	HC530
rs9262135	HC530
rs3117582	HC530
rs558702	HC530
B_1801	HC530
rs9263823	HC530
rs3131618	HC530
rs11759423	HC530
rs13201129	HC530
rs9295967	HC530
rs2844456	HC530
B_4001	HC530
rs757260	HC530
rs9266772	HC530
B_4402	HC530
rs3129012	HC530
rs9262582	HC530
rs16869834	HC534
rs4530903	HC534
rs3135352	HC534
rs12529400	HC534
rs9275599	HC534
rs9267576	HC534
DQA1_301	HC534
rs2857709	HC534
rs9275601	HC534
rs17212937	HC534
rs3104402	HC534
rs7767167	HC534
rs4148878	HC534
rs9461684	HC534
Affx-28471757	HC607
rs9262135	HC607
rs1480380	HC607
rs3131618	HC607
rs558702	HC607
rs3117582	HC607
rs885916	HC607
DRB1_401	HC607
rs3129705	HC607
rs2855812	HC607
rs9262135	HC608
rs558702	HC608
B_801	HC608
rs3117582	HC608
B_3906	HC608
rs3131618	HC608
DQA1_101	HC608
rs4530903	HC608
DRB4_103	HC61
rs3131618	HC620
Affx-28471757	HC620
rs3117582	HC620
rs1480380	HC620
rs3117425	HC620
rs3094035	HC620
DQB1_201	HC620
rs885916	HC620
rs3873444	HC620
rs9262135	HC620
rs9275601	HC620
rs3129705	HC620
rs2855812	HC620
rs558702	HC620
rs558702	HC639
rs11759188	HC639
rs9268284	HC639
rs9461684	HC639
Affx-28471757	HC639
rs4530903	HC639
rs3129012	HC639
rs2855812	HC639
rs3129705	HC639
rs885916	HC639
rs2517600	HC639
rs3117425	HC639
rs3094035	HC639
rs9262135	HC639
rs3117582	HC639
rs3131618	HC639
rs1480380	HC639
rs10947131	HC639
B_801	HC639
DQB1_503	HC639
rs28895243	HC645
rs28732193	HC645
rs241398	HC645
rs2517600	HC645
rs3129012	HC645
Affx-28471757	HC645
DRB1_103	HC645
rs3129705	HC645
DRB1_301	HC645
rs3117425	HC645
rs885916	HC645
rs3094035	HC645
rs9262135	HC645
rs1480380	HC645
rs2855812	HC645
rs3131618	HC645
DQB1_303	HC645
rs3117582	HC645
rs558702	HC645
B_801	HC645
rs10484549	HC646
B_3501	HC646
rs2893999	HC646
rs114751021	HC646
rs9461684	HC646
rs114733011	HC646
rs3132547	HC646
rs55777621	HC646
rs3870968	HC646
rs11759188	HC646
rs12665745	HC646
rs2596472	HC646
rs10947131	HC646
rs3135352	HC648
rs2855812	HC648
rs3131618	HC648
rs241398	HC648
rs9267576	HC648
rs9268577	HC648
rs1480380	HC648
rs115521560	HC648
rs9275599	HC648
rs1265103	HC648
rs9267786	HC648
rs2596472	HC648
rs3218816	HC648
rs3117582	HC648
rs2736173	HC648
rs558702	HC648
DQB1_201	HC648
DRB3_101	HC648
DQB1_302	HC648
DRB1_401	HC648
rs9275599	HC649
rs2857709	HC649
rs3129988	HC649
rs7767167	HC649
rs2517451	HC649
rs2596472	HC649
rs9267673	HC649
rs2855812	HC649
rs3104402	HC649
DRB3_202	HC649
rs3135352	HC649
rs9267576	HC649
rs2736173	HC649
DQB1_302	HC649
rs9275599	HC652
rs3135352	HC652
rs9267576	HC652
rs2855812	HC652
DQB1_201	HC652
rs2736173	HC652
rs3104402	HC652
rs2857709	HC652
rs115521560	HC652
DRB1_401	HC652
DQB1_302	HC652
rs3830076	HC652
rs118007953	HC652
rs2596472	HC652
rs9267673	HC652
rs241398	HC652
rs3131618	HC652
rs3117582	HC652
rs558702	HC652
rs7767167	HC652
rs9275599	HC654
rs2855812	HC654
rs3117582	HC654
rs558702	HC654
rs3135352	HC654
rs3094035	HC654
rs1480380	HC654
rs9266777	HC654
rs9262135	HC654
rs885916	HC654
rs3131618	HC654
rs2736173	HC654
DQB1_201	HC654
DRB1_401	HC654
rs9275601	HC654
DQB1_302	HC654
rs2596472	HC654
rs9267576	HC654
rs9268577	HC654
rs3104402	HC654
rs7767167	HC700
rs3104402	HC700
rs16869834	HC700
rs9461684	HC700
rs2857709	HC700
rs2517451	HC700
rs9267576	HC700
rs4530903	HC700
rs3129988	HC700
rs147413518	HC700
rs114751021	HC700
DRB4_103	HC700
rs114733011	HC700
rs3135352	HC700
A_301	HC703
rs9268284	HC703
rs362538	HC703
rs9261588	HC703
rs3130000	HC703
rs3132611	HC703
rs3129988	HC703
rs2517451	HC703
rs9267576	HC703
rs2857709	HC703
rs3135352	HC703
rs3104402	HC703
rs9268284	HC78
rs9275599	HC78
rs3135352	HC78
rs4148878	HC78
rs11759423	HC78
rs9267576	HC78
rs7767167	HC78
rs1704996	HC78
rs41270488	HC78
rs2844456	HC78
rs2857709	HC78
DQB1_501	HC78
rs4530903	HC78
rs17212937	HC78
DQA1_301	HC78
rs3135352	HC810
rs7767167	HC810
rs9275599	HC810
rs9267576	HC810
rs2857709	HC810
rs9268284	HC810
rs2596472	HC810
rs2517451	HC810
rs3129988	HC810
rs430916	HC810
rs3132547	HC810
rs1002985	HC810
rs362538	HC810
rs3130000	HC810
rs3132611	HC810
rs9261588	HC810
rs9295967	HC810
rs3104402	HC810
DRB4_9901	HC810
A_201	HC810
rs9391714	HC868
rs114475062	HC868
rs9378152	HC868
rs9366776	HC868
rs4959053	HC868
rs12202428	HC868
rs17207986	HC868
rs114198627	HC868
rs118007953	HC868
rs10947131	HC868
rs9266381	HC868
rs2269475	HC868
rs4530903	HC868
rs9266772	HC868
rs2736197	HC868
rs17429444	HC868
rs11759188	HC868
rs4523128	HC868
rs117292830	HC868
B_2705	HC868
rs3131618	HC881
DQB1_302	HC881
rs3117582	HC881
rs558702	HC881
rs2736173	HC881
rs3135352	HC881
DQB1_201	HC881
rs1480380	HC881
rs17207629	HC881
rs3094035	HC881
rs9275601	HC881
DRB1_401	HC881
rs9275599	HC881
rs118007953	HC881
rs2855812	HC881
A_1101	HC900
rs115391134	HC900
rs3135352	HC900
rs9275599	HC900
B_2705	HC900
rs7767167	HC900
rs4523128	HC900
rs9277946	HC900
rs2857709	HC900
rs3094035	HC900
rs3131618	HC900
rs9268284	HC900
rs2893999	HC900
rs10484549	HC900
rs28732081	HC91
rs3093668	HC91
rs12213831	HC91
rs28895243	HC91
rs28732193	HC91
rs2295663	HC91
rs9267673	HC91
rs12663184	HC91
rs28780100	HC91
rs6906662	HC91
rs9501398	HC91
rs71563311	HC91
rs28894993	HC91
rs2233940	HC91
rs12202207	HC91
B_2705	HC91
B_3901	HC91
DQB1_303	HC91
C_602	HC91
DQA1_101	HC91
DRB4_103	HC932
rs9266772	HC932
rs9268284	HC932
rs3132547	HC932
rs2596472	HC932
rs9267576	HC932
rs2857709	HC932
rs3135352	HC932
DRB4_103	HC942
rs114733011	HC95
rs114751021	HC95
rs17207986	HC95
rs3763355	HC95
DRB1_103	HC95
rs4530903	HC95
rs9275599	HC95
rs241398	HC96
rs2269475	HC96
rs116302426	HC96
rs9268284	HC96
rs3135352	HC96
rs3763355	HC96
rs9275599	HC96
rs743400	HC96
rs6905389	HC96
rs7767167	HC96
rs3128947	HC96
rs12660817	HC96
rs28894993	HC96
DRB1_404	HC96
DRB1_401	HC96
rs241428	HC96
rs2844456	HC96
rs34171662	HC96
rs3135352	HC990
rs2855812	HC990
rs2857709	HC990
rs9267576	HC990
rs3129988	HC990
rs9261588	HC990
rs362538	HC990
rs2517451	HC990
rs3132611	HC990
rs3129012	HC990
rs3130000	HC990
A_301	HC990
rs2517454	cancer1003
rs1639114	cancer1003
rs3763355	cancer1003
rs885701	cancer1003
rs12660817	cancer1003
rs1265083	cancer1003
rs2524276	cancer1003
rs1265070	cancer1003
rs9275599	cancer1003
rs4530903	cancer1003
rs114542476	cancer1003
rs743400	cancer1003
rs28397307	cancer1003
rs114609017	cancer1003
DQB1_501	cancer1003
DQB1_302	cancer1003
B_4403	cancer1003
rs1619716	cancer1003
rs116325030	cancer1003
rs4530903	cancer1037
rs2844456	cancer1037
rs9267576	cancer1037
rs2857709	cancer1037
DQA1_301	cancer1037
DRB3_9901	cancer1041
rs9267576	cancer1041
rs1367728	cancer1041
rs12529400	cancer1041
rs2857709	cancer1041
rs4530903	cancer1041
DQB1_501	cancer1041
DQB1_501	cancer1053
rs558702	cancer1053
rs4530903	cancer1053
rs3117582	cancer1053
rs2855812	cancer1053
rs3131618	cancer1053
rs114542476	cancer1060
rs2517454	cancer1060
rs885701	cancer1060
rs1639114	cancer1060
rs1619716	cancer1060
rs3763355	cancer1060
rs116325030	cancer1060
rs1265083	cancer1060
rs743400	cancer1060
rs2524276	cancer1060
rs9275599	cancer1060
rs1265070	cancer1060
rs4530903	cancer1060
DQB1_501	cancer1060
DQB1_302	cancer1060
B_4403	cancer1060
B_4001	cancer1060
rs12660817	cancer1060
rs12529400	cancer1060
