ALL_ID	posterior_mean	posterior_sd	posterior_prob	GBE_ID
B_1402	0.105265176229186	0.0307998711685042	14.6	cancer1003
B_4001	-0.0978772871256498	0.0240864344125903	75.4	cancer1003
B_4403	-0.117868175002749	0.022947037118105	100	cancer1003
C_304	0	0	0	cancer1003
C_802	0.0958590772619061	0.0261446317130678	48.1	cancer1003
C_1601	0	0	0	cancer1003
DRB4_103	0	0	0	cancer1003
DRB4_9901	0	0	0	cancer1003
DRB1_101	0	0	0	cancer1003
DRB1_404	0	0	0	cancer1003
DRB1_701	0	0	0	cancer1003
DQB1_302	-0.0971643127736163	0.0213093031250145	100	cancer1003
DQB1_501	0.108294089123218	0.0152593524978886	100	cancer1003
DQB1_604	-0.124577409163898	0.0325726766682707	24.6	cancer1003
DQA1_101	0	0	0	cancer1003
DQA1_201	0	0	0	cancer1003
DQA1_301	0	0	0	cancer1003
DRB4_103	0	0	0	cancer1037
DRB4_9901	0	0	0	cancer1037
DRB1_401	0	0	0	cancer1037
DQB1_501	-0.106245186652424	0.0332103497399878	25.4	cancer1037
DQA1_301	0.14622730953387	0.026880905227392	100	cancer1037
DRB4_103	0	0	0	cancer1041
DRB4_9901	0	0	0	cancer1041
DRB3_9901	0.177720445670754	0.0305039134254971	100	cancer1041
DRB1_101	0	0	0	cancer1041
DQB1_501	-0.279428991574584	0.0473484657635628	100	cancer1041
DQA1_301	0	0	0	cancer1041
DPB1_402	0	0	0	cancer1041
B_801	0	0	0	cancer1047
C_701	0	0	0	cancer1047
DRB1_301	0.211286967995171	0.0406147947257002	44.2	cancer1047
DQB1_201	0.212969943604141	0.0405689572203841	55.8	cancer1047
B_801	0	0	0	cancer1053
C_701	0	0	0	cancer1053
DRB1_101	0	0	0	cancer1053
DRB1_301	0.262227554324267	0.0465095095481096	41.2	cancer1053
DQB1_201	0.265043879057951	0.0464547327900643	58.8	cancer1053
DQB1_501	0.270943218514687	0.0510558006632945	100	cancer1053
A_101	0.0490157988079485	0.0137091399250109	45.4	cancer1060
B_1402	0.121388814242259	0.0327476662820626	21.7	cancer1060
B_4001	-0.112432873208306	0.0262181866789548	100	cancer1060
B_4403	-0.126120026539701	0.0258134091614937	100	cancer1060
C_304	0	0	0	cancer1060
C_802	0.11180602541255	0.0279756060799181	67.2	cancer1060
C_1601	0	0	0	cancer1060
DRB4_101	0	0	0	cancer1060
DRB4_103	0	0	0	cancer1060
DRB4_9901	0	0	0	cancer1060
DRB1_101	0	0	0	cancer1060
DRB1_103	0	0	0	cancer1060
DRB1_404	0	0	0	cancer1060
DRB1_701	0	0	0	cancer1060
DQB1_302	-0.0882464932914951	0.020923598678079	100	cancer1060
DQB1_501	0.12146674700447	0.0163410553147257	100	cancer1060
DQA1_101	0	0	0	cancer1060
DQA1_201	0	0	0	cancer1060
DQA1_301	0	0	0	cancer1060
DRB4_103	0	0	0	HC1020
DRB3_9901	0	0	0	HC1020
DQB1_302	0.0743160072635014	0.012986968692594	100	HC1020
DQA1_301	0	0	0	HC1020
A_2902	0	0	0	HC1021
B_4403	0.0931948610713152	0.0195501499441475	100	HC1021
C_1601	0	0	0	HC1021
DRB5_101	0	0	0	HC1021
DRB5_9901	0	0	0	HC1021
DRB4_101	0	0	0	HC1021
DRB3_9901	0.0550018504251756	0.0112130446805137	100	HC1021
DRB1_401	0	0	0	HC1021
DRB1_404	-0.172510822785506	0.0256236057790527	100	HC1021
DRB1_701	0	0	0	HC1021
DRB1_1301	-0.149021396165193	0.0238251695388885	6.7	HC1021
DRB1_1501	0	0	0	HC1021
DQB1_602	0	0	0	HC1021
DQB1_603	-0.150533188205159	0.0242268177428335	57.3	HC1021
DQA1_101	-0.090572982065939	0.0137200953263887	100	HC1021
DQA1_103	-0.150498277585076	0.0242338445080492	36.1	HC1021
DQA1_201	0	0	0	HC1021
DPB1_101	0.0642200948265774	0.0190358212130094	29.3	HC1021
DPB1_301	-0.110242471618653	0.018936750816842	100	HC1021
DPA1_201	0	0	0	HC1021
DRB3_9901	0.0818602787067294	0.018334347891933	100	HC1023
DRB1_404	0.132985972641045	0.0384439035755033	30.9	HC1023
DQA1_301	0.0649727277469773	0.0205001584608665	14.1	HC1023
B_801	0.172414322608034	0.0297303270068385	100	HC1024
B_4001	0	0	0	HC1024
DRB5_101	0	0	0	HC1024
DRB5_9901	0	0	0	HC1024
DRB4_103	0	0	0	HC1024
DRB4_9901	0	0	0	HC1024
DRB3_202	0	0	0	HC1024
DRB1_401	-0.174050914089423	0.0463062669968175	67.3	HC1024
DRB1_404	0	0	0	HC1024
DRB1_701	0	0	0	HC1024
DRB1_901	0	0	0	HC1024
DRB1_1301	-0.240582969974066	0.0575171357880573	49.8	HC1024
DRB1_1501	0	0	0	HC1024
DQB1_302	0	0	0	HC1024
DQB1_602	0	0	0	HC1024
DQB1_603	-0.230684645302681	0.0573702238584498	23.8	HC1024
DQA1_102	0	0	0	HC1024
DQA1_103	-0.23238636848605	0.0574578065543595	26.4	HC1024
DQA1_201	0	0	0	HC1024
DQA1_301	0.375501200471458	0.0587130199508964	100	HC1024
B_801	0.0547382242777182	0.0112051198168891	100	HC1036
C_401	0	0	0	HC1036
DRB4_103	0	0	0	HC1036
DRB4_9901	0	0	0	HC1036
DRB1_101	0	0	0	HC1036
DRB1_301	0	0	0	HC1036
DRB1_401	0.145009652810364	0.012630930297916	100	HC1036
DRB1_1301	0	0	0	HC1036
DRB1_1302	0	0	0	HC1036
DQB1_201	0	0	0	HC1036
DQB1_301	0	0	0	HC1036
DQB1_302	0	0	0	HC1036
DQB1_501	0	0	0	HC1036
DQB1_603	0	0	0	HC1036
DQB1_604	-0.115699475574935	0.0258860575148837	100	HC1036
DQA1_101	-0.13284148002909	0.0121235850535817	100	HC1036
DQA1_102	-0.0591031066119669	0.011244678335408	100	HC1036
DQA1_103	-0.177743443790062	0.018406678269225	100	HC1036
DQA1_301	0	0	0	HC1036
DQA1_501	0	0	0	HC1036
DRB1_701	-0.168704402156553	0.0431636516147773	57	HC1038
DRB1_1501	0	0	0	HC1038
DQA1_201	-0.16270847095013	0.0430478407772765	33.7	HC1038
DPB1_401	0.106785827391003	0.0285215943000681	67.5	HC1038
B_801	-0.0437080407880962	0.0108373803635745	44.2	HC1080
C_701	-0.0407919050245882	0.00996688064448849	55.8	HC1080
A_101	-0.0646126980337758	0.0183672139566977	34.3	HC1094
B_801	-0.0804840685875851	0.0162089714983941	13.8	HC1094
C_701	0	0	0	HC1094
DRB3_101	-0.0732759353127996	0.0151860697945687	6.7	HC1094
DRB1_301	-0.0765055888778981	0.0190941114005342	34	HC1094
DQB1_201	-0.0743449160284115	0.0194109579990987	23.7	HC1094
DQA1_501	0	0	0	HC1094
DRB1_103	1.10930866544939	0.0762421713888823	100	HC1101
DRB1_1302	0.339151505684107	0.0740565120953321	100	HC1101
A_101	0	0	0	HC1102
A_201	0.110307263983564	0.0273986706498999	93.1	HC1102
DRB5_101	0.161320574204649	0.034283924578843	33	HC1102
DRB5_9901	-0.152497168298021	0.0339142678632469	13.1	HC1102
DRB4_103	0	0	0	HC1102
DRB4_9901	0	0	0	HC1102
DRB1_103	0.964751369864651	0.0616703269082118	100	HC1102
DRB1_404	-0.367959199869372	0.0935897339028829	32.9	HC1102
DRB1_1501	0.158373154393478	0.0344449191263527	20.2	HC1102
DQB1_302	-0.319713761459601	0.0510706675490996	67.1	HC1102
DQB1_501	0	0	0	HC1102
DQB1_602	0.161700848968734	0.0343281043523512	33.7	HC1102
DQA1_101	0	0	0	HC1102
DQA1_301	-0.156126012958114	0.0375984163364067	32.9	HC1102
DRB4_103	0.0554210717123555	0.0103628617127057	100	HC1106
DRB4_9901	0	0	0	HC1106
DRB1_401	0	0	0	HC1106
DRB1_1101	-0.110533027053467	0.0294045435626611	72.1	HC1106
DQA1_301	0	0	0	HC1106
DRB4_103	0	0	0	HC1113
DQB1_302	0.077707623687032	0.0165779013796381	100	HC1113
A_101	0	0	0	HC1132
B_801	0.259227638762099	0.0471493696773367	100	HC1132
B_4402	0	0	0	HC1132
C_701	0	0	0	HC1132
DRB4_103	-0.458570489822715	0.128767925570359	100	HC1132
DRB4_9901	-0.657623091921678	0.0573729745849883	100	HC1132
DRB3_101	0	0	0	HC1132
DRB3_9901	0	0	0	HC1132
DRB1_301	0	0	0	HC1132
DRB1_401	0	0	0	HC1132
DQB1_201	0.487118578269101	0.111210960936104	100	HC1132
DQB1_301	-0.660011769058754	0.0931064416985126	100	HC1132
DQB1_303	-0.756727664796491	0.138431802978583	100	HC1132
DQB1_501	0	0	0	HC1132
DQA1_101	-0.236514166964372	0.0589502881094512	100	HC1132
DQA1_301	-0.320208172908513	0.0887226350256208	52.2	HC1132
DQA1_501	0.620733466807836	0.110245455294403	100	HC1132
DPB1_101	0.275130720909902	0.0686517853220146	52.6	HC1132
DPA1_103	-0.229165823326012	0.0329229951761737	6.2	HC1132
DPA1_201	0.223401659787981	0.0543783531732793	53	HC1132
DRB1_701	-0.0884622701839038	0.0218412897821537	49.2	HC1148
DQA1_201	-0.0885776757844937	0.0218285073117499	50.8	HC1148
B_801	0	0	0	HC1149
C_602	0.143968591012658	0.0292059530072121	100	HC1149
C_701	0	0	0	HC1149
DRB3_101	-0.0968601026502913	0.0245774449085428	12.3	HC1149
DRB1_103	0.250248424123798	0.0610799410615579	87.9	HC1149
DRB1_301	-0.111720136085011	0.0260097720087924	62.2	HC1149
DQB1_201	-0.106240196519831	0.0258391164633078	25.5	HC1149
A_301	0.0610218070821251	0.0123252575505639	100	HC1158
A_6801	-0.0983190987098157	0.026748009733645	72.2	HC1158
B_4402	0	0	0	HC1158
B_5701	-0.125700045014087	0.0328889543645001	100	HC1158
C_501	0	0	0	HC1158
C_602	0	0	0	HC1158
DRB4_101	-0.0854610801287587	0.0171027568513811	25.3	HC1158
DRB1_101	-0.0689723775772659	0.0155795987380403	100	HC1158
DRB1_401	0.0670724513555692	0.0139351945067768	84.4	HC1158
DRB1_701	-0.0704836913388921	0.013852409905369	19.5	HC1158
DQB1_301	0	0	0	HC1158
DQB1_303	0	0	0	HC1158
DQB1_602	0	0	0	HC1158
DQA1_201	-0.0718701359096353	0.0139147508771465	55.2	HC1158
DQA1_301	0.0526487438681731	0.0113589590102131	15.6	HC1158
A_101	0	0	0	HC1159
A_3001	0	0	0	HC1159
B_702	-0.0911351031935899	0.0253318920560138	58.7	HC1159
B_1302	0	0	0	HC1159
B_3701	0	0	0	HC1159
B_5701	0.35688752819345	0.0376035421146308	100	HC1159
C_602	0.809687996998152	0.031035805092009	100	HC1159
C_701	0	0	0	HC1159
C_702	0	0	0	HC1159
DRB4_103	0	0	0	HC1159
DRB4_9901	0	0	0	HC1159
DRB3_101	0	0	0	HC1159
DRB3_9901	0	0	0	HC1159
DRB1_301	-0.144971897174551	0.0256246740938819	57.1	HC1159
DRB1_701	0	0	0	HC1159
DQB1_201	-0.143375163309192	0.0255631823479784	42.9	HC1159
DQB1_202	0	0	0	HC1159
DQB1_303	0	0	0	HC1159
DQA1_201	0	0	0	HC1159
DQA1_501	0	0	0	HC1159
A_301	0.238755619791378	0.0511362446792672	100	HC1162
B_3501	0	0	0	HC1162
DRB5_101	0	0	0	HC1162
DRB5_9901	0.405058930675407	0.0639765056805315	36.2	HC1162
DRB1_101	0.406886751785283	0.0556904140910439	100	HC1162
DRB1_102	0.716104264625588	0.156471014106219	100	HC1162
DRB1_1001	1.02530949272466	0.153510255374273	100	HC1162
DRB1_1501	0	0	0	HC1162
DQB1_501	0	0	0	HC1162
DQB1_602	0	0	0	HC1162
DQA1_101	0	0	0	HC1162
DQA1_102	-0.367789257640144	0.0568387225773697	63.8	HC1162
DRB1_301	0.0930288714000884	0.0228750412640268	38.7	HC1164
DQB1_201	0.0955178152625809	0.0228430645694823	61.3	HC1164
DRB4_9901	0	0	0	HC1171
DRB1_1101	0.167293912619725	0.0383459316077325	100	HC1171
DQA1_101	0.0796761801326494	0.0179095560848936	100	HC1171
DRB4_103	0	0	0	HC1176
DRB3_101	0	0	0	HC1176
DRB3_9901	0.37433526832328	0.0707594667021937	100	HC1176
DRB1_301	0	0	0	HC1176
DRB1_401	0	0	0	HC1176
DQB1_201	0	0	0	HC1176
DQB1_301	0.34403582909693	0.0778418516589588	100	HC1176
DQA1_301	0	0	0	HC1176
B_702	0.2505244768404	0.0415135244088429	100	HC1178
C_702	0	0	0	HC1178
B_801	-0.161384309089436	0.0347232126602501	100	HC1182
DRB3_101	0	0	0	HC1182
B_801	0	0	0	HC1183
C_701	0	0	0	HC1183
DRB3_101	0	0	0	HC1183
DRB3_9901	0	0	0	HC1183
DRB1_301	-0.236529110658375	0.0351215447473615	39.4	HC1183
DRB1_404	0.242569427262637	0.0523322793316985	100	HC1183
DQB1_201	-0.238472400111392	0.0351035954877712	60.6	HC1183
DQA1_501	0	0	0	HC1183
A_201	0.337326586030548	0.0602769690454673	100	HC1188
B_4402	0	0	0	HC1188
DRB4_103	0.371008249543864	0.0609358748340618	50.6	HC1188
DRB4_9901	-0.33657659088745	0.0576287138934495	10.9	HC1188
DRB1_401	0	0	0	HC1188
DQB1_302	0	0	0	HC1188
DQB1_602	0	0	0	HC1188
DQA1_301	0.400477806334677	0.065643660092987	38.5	HC1188
DRB4_9901	-0.10024605551542	0.0251409569145058	77.6	HC1198
DQB1_301	0.113169412980918	0.0310421681679217	12.1	HC1198
DPB1_201	-0.23646762316027	0.0455472326483355	100	HC1198
A_201	0	0	0	HC1200
A_2402	0.342353321086412	0.0709219406089854	100	HC1200
B_4402	-0.263825427410592	0.0752142232122119	56.2	HC1200
DRB1_301	0.231011283796258	0.0556502012753787	42.1	HC1200
DQB1_201	0.23498301210996	0.0555157178220459	57.9	HC1200
C_304	0	0	0	HC1211
DRB5_101	0	0	0	HC1211
DRB5_9901	0	0	0	HC1211
DRB4_103	0	0	0	HC1211
DRB4_9901	0	0	0	HC1211
DRB3_202	0	0	0	HC1211
DRB3_9901	0	0	0	HC1211
DRB1_101	0.826252181156795	0.0945694650531703	62.1	HC1211
DRB1_401	0	0	0	HC1211
DRB1_404	0	0	0	HC1211
DRB1_701	0	0	0	HC1211
DRB1_1501	0	0	0	HC1211
DQB1_301	0	0	0	HC1211
DQB1_302	0	0	0	HC1211
DQB1_501	0.763432137270655	0.0893980235430128	37.9	HC1211
DQB1_602	0	0	0	HC1211
DQA1_102	0	0	0	HC1211
DQA1_201	0	0	0	HC1211
DQA1_301	1.14979473895349	0.0707447070213472	100	HC1211
DQA1_501	0	0	0	HC1211
B_2705	0.274494169081473	0.0443877163521471	100	HC1212
DRB5_101	0	0	0	HC1212
DRB5_9901	0	0	0	HC1212
DRB4_101	0	0	0	HC1212
DRB4_103	0	0	0	HC1212
DRB4_9901	0	0	0	HC1212
DRB3_202	-0.206322019218096	0.034885127560068	100	HC1212
DRB3_9901	0	0	0	HC1212
DRB1_101	0.142531239321493	0.034433293879242	82.4	HC1212
DRB1_401	0.400548413740164	0.0307967892594983	100	HC1212
DRB1_404	0.372590593456429	0.047946015388768	100	HC1212
DRB1_701	-0.213582208317748	0.0341771185167275	50.5	HC1212
DRB1_1501	0	0	0	HC1212
DQB1_301	0	0	0	HC1212
DQB1_302	0	0	0	HC1212
DQB1_501	0.123300180829887	0.0324331306459406	17.6	HC1212
DQB1_602	0	0	0	HC1212
DQA1_102	-0.18744864953341	0.0304894830353815	100	HC1212
DQA1_201	-0.213257763264653	0.034143124055279	49.5	HC1212
DQA1_301	0	0	0	HC1212
B_1302	0	0	0	HC1213
B_2705	0.751521333415975	0.103987884692659	100	HC1213
B_3901	1.13646133331052	0.216208145076551	100	HC1213
B_5701	0.452226617046684	0.126026585933615	41.5	HC1213
C_602	0.736953455881591	0.126470567476815	100	HC1213
DRB1_701	0	0	0	HC1213
DQB1_303	0.355164586709482	0.102911443666737	18.9	HC1213
DQA1_101	0.344712811153571	0.0701806631338436	100	HC1213
DQA1_201	0	0	0	HC1213
DRB5_101	0	0	0	HC1230
DRB5_9901	0	0	0	HC1230
DRB1_1501	0	0	0	HC1230
DQA1_102	-0.0407813164687295	0.00842698464543626	100	HC1230
DRB4_103	0	0	0	HC1232
DRB4_9901	0	0	0	HC1232
DRB1_404	0	0	0	HC1232
DQB1_302	0.39708686555022	0.0733982722156799	100	HC1232
DQA1_301	0	0	0	HC1232
DPB1_402	0.279749866127931	0.0720795735854551	67.1	HC1232
A_101	0	0	0	HC1233
B_801	0.57972724045789	0.0736253974607684	100	HC1233
C_701	0	0	0	HC1233
DRB3_101	0	0	0	HC1233
DRB1_301	0	0	0	HC1233
DQB1_201	0	0	0	HC1233
DQA1_501	0	0	0	HC1233
DPB1_101	0	0	0	HC1233
A_101	0	0	0	HC1236
B_801	0.302975215053345	0.0367927681546523	100	HC1236
B_4001	0	0	0	HC1236
B_4403	0	0	0	HC1236
B_5701	0	0	0	HC1236
C_304	0	0	0	HC1236
C_602	0	0	0	HC1236
C_701	0	0	0	HC1236
DRB4_101	0	0	0	HC1236
DRB4_103	0	0	0	HC1236
DRB4_9901	0	0	0	HC1236
DRB1_401	0.3546640889131	0.0415219340619068	100	HC1236
DRB1_404	0.736550919658719	0.0580408584907562	100	HC1236
DRB1_701	-0.281112921429005	0.0634675277909566	63.6	HC1236
DQB1_202	0	0	0	HC1236
DQB1_302	0	0	0	HC1236
DQB1_303	0	0	0	HC1236
DQA1_102	0	0	0	HC1236
DQA1_201	-0.272998697962915	0.0632539831668115	36.4	HC1236
DQA1_301	0	0	0	HC1236
A_101	0	0	0	HC1242
B_702	0	0	0	HC1242
B_2705	2.1995806144102	0.0493972308637206	100	HC1242
B_4403	0	0	0	HC1242
C_102	0	0	0	HC1242
C_202	0	0	0	HC1242
C_401	0	0	0	HC1242
C_602	0	0	0	HC1242
C_702	0	0	0	HC1242
DRB5_101	0	0	0	HC1242
DRB1_101	0	0	0	HC1242
DRB1_103	0	0	0	HC1242
DRB1_701	0	0	0	HC1242
DRB1_1501	0	0	0	HC1242
DQB1_302	0	0	0	HC1242
DQB1_501	0	0	0	HC1242
DQA1_101	0	0	0	HC1242
DQA1_102	0	0	0	HC1242
DQA1_201	0	0	0	HC1242
DQA1_301	0.150144740969592	0.0477835788117038	17.9	HC1242
B_801	0	0	0	HC125
C_701	0	0	0	HC125
DRB3_101	0	0	0	HC125
DRB1_101	0	0	0	HC125
DRB1_301	0.130726173724554	0.0146404074552966	31	HC125
DRB1_401	0.0909121971672434	0.0171471922561846	100	HC125
DQB1_201	0.131918127215585	0.0146228899377984	69	HC125
DQA1_102	0	0	0	HC125
DQA1_501	0	0	0	HC125
DRB3_9901	-0.0584476955810746	0.0142418607728192	31.1	HC1302
DRB1_301	0.0770236704340414	0.0185909151880349	33.5	HC1302
DQA1_501	0.0662782124857204	0.0159861802357559	35.4	HC1302
B_801	-0.113234172139906	0.0297961259106509	74.1	HC1304
B_5701	0.199517172675822	0.0478429427644123	100	HC1304
A_101	-0.0877003250078712	0.0152895260718847	26.7	HC1322
B_801	-0.101011400648736	0.0174179696007282	67.6	HC1322
C_701	-0.0913801082690919	0.0157434838121157	5.8	HC1322
DRB3_101	0	0	0	HC1322
DRB1_301	0	0	0	HC1322
DQB1_201	0	0	0	HC1322
DQB1_302	0.0645375716302364	0.0188581566993122	32	HC1322
DQA1_501	0	0	0	HC1322
B_4402	0.251838741777672	0.0484615713331882	100	HC1329
C_501	0	0	0	HC1329
DRB4_9901	0	0	0	HC1329
DRB1_401	0	0	0	HC1329
DQB1_301	0	0	0	HC1329
DPB1_201	-0.291727394701318	0.0685773088059808	100	HC1329
DPB1_401	0.113960575518071	0.0343284711195249	31.9	HC1329
DRB3_9901	0.0889793702715403	0.0235148466009043	56.2	HC1354
DQB1_603	-0.202477432503507	0.0550020283545821	53.3	HC1354
DRB4_9901	-0.122023222520121	0.0232634452848015	100	HC1357
DRB1_701	0	0	0	HC1357
DQA1_201	0	0	0	HC1357
A_101	0	0	0	HC136
B_801	0.279108462377848	0.0366397849106678	100	HC136
B_4403	0	0	0	HC136
C_701	0	0	0	HC136
DRB4_101	0	0	0	HC136
DRB4_103	0	0	0	HC136
DRB1_301	0	0	0	HC136
DRB1_401	0.270486137540814	0.0420593572826343	100	HC136
DRB1_404	0.487624682727262	0.0616030677936298	100	HC136
DRB1_701	0	0	0	HC136
DQB1_201	0	0	0	HC136
DQB1_202	0	0	0	HC136
DQB1_302	0	0	0	HC136
DQA1_201	0	0	0	HC136
DQA1_301	0	0	0	HC136
A_201	-0.0779598281228559	0.0196916040987711	86.7	HC144
DQB1_302	-0.107901553726793	0.0295207575082771	65.5	HC144
A_201	-0.331949017722688	0.0483289339765146	100	HC151
A_301	0	0	0	HC151
B_702	0	0	0	HC151
B_1801	0.343694569939977	0.0854568155819913	82	HC151
B_4402	0	0	0	HC151
C_702	0	0	0	HC151
DRB5_101	0.834876169197472	0.0460130265277184	78.4	HC151
DRB5_9901	0	0	0	HC151
DRB4_103	-0.221104051904067	0.0550761193636678	10.9	HC151
DRB4_9901	0.220079284698098	0.049699819186142	89.1	HC151
DRB1_401	0	0	0	HC151
DRB1_701	0	0	0	HC151
DRB1_1501	0.829281429265869	0.0456405798981922	21.6	HC151
DQB1_301	0	0	0	HC151
DQB1_302	0	0	0	HC151
DQB1_602	0	0	0	HC151
DQA1_102	0	0	0	HC151
DQA1_103	0	0	0	HC151
DQA1_201	0	0	0	HC151
DQA1_301	0	0	0	HC151
B_801	0.181624916811124	0.0298741459890517	100	HC156
C_701	0	0	0	HC156
DRB5_101	0	0	0	HC156
DRB5_9901	0	0	0	HC156
DRB4_103	0	0	0	HC156
DRB4_9901	0	0	0	HC156
DRB1_401	-0.150887657299728	0.0466679185005651	21.6	HC156
DRB1_404	0	0	0	HC156
DRB1_701	0	0	0	HC156
DRB1_901	0	0	0	HC156
DRB1_1301	-0.193096487995647	0.0561461425116892	28.1	HC156
DRB1_1501	0	0	0	HC156
DQB1_302	0	0	0	HC156
DQB1_602	0	0	0	HC156
DQB1_603	-0.188042009162813	0.0560716999139057	16.8	HC156
DQA1_102	0	0	0	HC156
DQA1_103	-0.192184188198505	0.0562459120055702	25.8	HC156
DQA1_201	0	0	0	HC156
DQA1_301	0.312856787687973	0.0470511365607884	100	HC156
B_801	0.0577589099396137	0.0126382821722277	100	HC1581
C_701	0	0	0	HC1581
DRB4_103	-0.0857969265011751	0.0206614258569791	78.6	HC1581
DRB4_9901	-0.0914301185264375	0.0154836520696592	61.7	HC1581
DRB1_101	0	0	0	HC1581
DRB1_301	0	0	0	HC1581
DRB1_401	0.122353074015563	0.0207325118023665	100	HC1581
DRB1_1301	-0.119587128523511	0.0201734955470327	13	HC1581
DRB1_1302	0	0	0	HC1581
DQB1_201	0	0	0	HC1581
DQB1_301	0	0	0	HC1581
DQB1_302	0	0	0	HC1581
DQB1_501	0	0	0	HC1581
DQB1_603	-0.121470256457833	0.0201852747448864	22.7	HC1581
DQB1_604	-0.126541577341849	0.025971928929425	100	HC1581
DQA1_101	-0.0965392569754818	0.034797803200976	100	HC1581
DQA1_102	-0.0640960663039621	0.0119892910473845	38.3	HC1581
DQA1_103	-0.15698249306973	0.0372396353815192	64.3	HC1581
DQA1_301	0.0909778322409912	0.0194003410614651	78.6	HC1581
DQA1_501	0.0694940100349868	0.0133624985393894	61.7	HC1581
DRB4_103	0	0	0	HC1582
DQA1_301	0.0827329235555964	0.0164286818631194	100	HC1582
B_801	-0.0453704978903878	0.0114995777882944	30.8	HC164
C_701	-0.0438758084831462	0.0105817654673133	69.2	HC164
B_3906	0.780608143332894	0.18163212195785	71.8	HC169
DQA1_101	-0.319110324870689	0.0699727144304454	100	HC169
A_101	0	0	0	HC170
B_801	0.431202019565007	0.073233179220758	100	HC170
B_3501	-0.569812508413529	0.169657630630022	13.1	HC170
B_3801	0.750224967641109	0.216266996843381	6.3	HC170
B_4402	0	0	0	HC170
C_401	-0.421735851482198	0.123199609122285	34.7	HC170
C_701	0	0	0	HC170
DRB4_103	0	0	0	HC170
DRB4_9901	0.266276422007847	0.0609003011389114	49.9	HC170
DRB3_101	0	0	0	HC170
DRB3_9901	-0.28016605906701	0.0594644024029925	50.1	HC170
DRB1_101	-0.525556621699094	0.110056815407272	10.1	HC170
DRB1_301	0	0	0	HC170
DRB1_1401	0	0	0	HC170
DQB1_201	0	0	0	HC170
DQB1_501	-0.473982779787434	0.0996710968472199	39.8	HC170
DQB1_503	0.727250311919296	0.134418343663478	100	HC170
DQA1_301	0	0	0	HC170
DQA1_501	0	0	0	HC170
DPB1_101	0	0	0	HC170
B_801	0	0	0	HC179
C_701	0	0	0	HC179
DRB3_101	0	0	0	HC179
DRB1_101	0	0	0	HC179
DRB1_301	0.135389066593949	0.0202895477089378	30.8	HC179
DRB1_401	0.129502843342872	0.0234194520399828	100	HC179
DQB1_201	0.137697324053866	0.0202573861304478	69.2	HC179
DQB1_501	0	0	0	HC179
DQA1_101	0	0	0	HC179
DQA1_501	0	0	0	HC179
DRB1_301	0.406314018012576	0.0669479355219843	17.1	HC17
DRB1_401	0	0	0	HC17
DQB1_201	0.42309174686628	0.0666184110596463	82.9	HC17
DQB1_302	0.514590442264479	0.0755487829116077	100	HC17
DQA1_301	0	0	0	HC17
A_101	0	0	0	HC201
A_201	0.130741608914958	0.0286335774792996	100	HC201
DRB5_101	0.164046669838928	0.036056456696257	24.7	HC201
DRB5_9901	-0.156448787618575	0.0355430865682859	13.3	HC201
DRB4_103	0	0	0	HC201
DRB4_9901	0	0	0	HC201
DRB1_103	0.984167369609979	0.0639376969128853	100	HC201
DRB1_404	-0.400142148342765	0.0998989374452436	43.5	HC201
DRB1_1501	0.163432672626788	0.0360758272089594	22.7	HC201
DQB1_302	-0.342642307611535	0.0539625848717536	56.5	HC201
DQB1_501	0	0	0	HC201
DQB1_602	0.167923916125276	0.036051986771855	39.3	HC201
DQA1_101	0	0	0	HC201
DQA1_301	-0.165268990181844	0.0394812575588692	43.5	HC201
B_702	-0.0343041109410118	0.00775640695896791	26	HC215
C_702	0	0	0	HC215
DRB5_101	0	0	0	HC215
DRB5_9901	0	0	0	HC215
DRB1_1501	0	0	0	HC215
DQB1_602	-0.0367007265646864	0.00788874341719412	74	HC215
B_801	0.0823009326900597	0.0181704467635431	42.2	HC219
B_1501	-0.346191837229603	0.0264200527567579	100	HC219
B_2705	-0.285677580545767	0.0313693761603693	100	HC219
B_3906	0.544093785143692	0.0538715550520792	100	HC219
C_501	0.0933346942548394	0.0172386700202023	100	HC219
C_701	0.0764288354020781	0.0166159447615553	57.8	HC219
DRB5_101	-0.494085198038052	0.0600198339512339	51.1	HC219
DRB5_9901	-0.335615237154605	0.0583599160372879	100	HC219
DRB3_101	0	0	0	HC219
DRB1_301	0	0	0	HC219
DRB1_401	0	0	0	HC219
DRB1_1501	-0.480605303009569	0.0586671962335083	48.9	HC219
DQB1_201	0	0	0	HC219
DQB1_301	0	0	0	HC219
DQB1_602	0	0	0	HC219
DQB1_604	-0.266833468055732	0.0377655649421069	100	HC219
DQA1_102	0	0	0	HC219
DQA1_301	0.219647258239712	0.0152564128494457	100	HC219
DQA1_501	0.189544872861731	0.0162827043661081	100	HC219
DPA1_103	0.162950964941687	0.0147319708818813	100	HC219
B_702	0	0	0	HC221
B_801	0	0	0	HC221
C_701	0	0	0	HC221
C_702	0	0	0	HC221
DRB5_101	-0.0802866066195177	0.0171045535492876	28.1	HC221
DRB5_9901	0	0	0	HC221
DRB4_103	0	0	0	HC221
DRB4_9901	0	0	0	HC221
DRB3_202	-0.0578861429195692	0.0162678166408682	52.6	HC221
DRB1_301	0	0	0	HC221
DRB1_401	0.0995726348934185	0.0184219645105777	100	HC221
DRB1_1301	0	0	0	HC221
DRB1_1501	-0.0796966064425065	0.0170986962812878	23.9	HC221
DQB1_201	0.10065064316033	0.0147979912494695	100	HC221
DQB1_302	0.127963192218299	0.0194989961202269	100	HC221
DQB1_602	-0.0820154901114478	0.0170844934499805	48	HC221
DQB1_603	0	0	0	HC221
DQA1_102	0	0	0	HC221
DQA1_103	0	0	0	HC221
DQA1_301	0	0	0	HC221
A_101	0	0	0	HC243
B_801	0	0	0	HC243
DRB3_101	-0.0893422256841288	0.016403661217453	13.4	HC243
DRB1_301	-0.0982170707761098	0.0172799479873727	53.8	HC243
DQB1_201	-0.0965992395414432	0.0172548363698933	32.7	HC243
DQA1_501	0	0	0	HC243
DRB1_301	0.0601419073614089	0.0131087562233746	56.4	HC25
DQB1_201	0.0593619572139142	0.0131033146837527	43.6	HC25
B_4402	0	0	0	HC261
B_5701	-0.213501566498659	0.0371933344988434	100	HC261
C_501	0	0	0	HC261
C_602	0	0	0	HC261
DRB4_101	-0.110063738895432	0.0262729753367383	100	HC261
DRB1_401	0	0	0	HC261
DRB1_701	0	0	0	HC261
DQB1_301	0	0	0	HC261
DQB1_303	0	0	0	HC261
DQA1_201	0	0	0	HC261
DQA1_301	0.0692467891510455	0.0165367972493769	100	HC261
B_702	-0.0469980846432601	0.0109373424518463	100	HC269
B_5701	0.0707221149294997	0.018982734231047	71.2	HC269
C_702	0	0	0	HC269
DRB5_101	0	0	0	HC269
DRB5_9901	0	0	0	HC269
DRB1_101	0	0	0	HC269
DRB1_1501	0	0	0	HC269
DQB1_501	0.0555085998393158	0.0115278073380513	37.3	HC269
DQB1_602	0	0	0	HC269
DQA1_101	0.0524913923701672	0.0107695022545937	62.7	HC269
B_702	-0.0365051109459765	0.00928213841676343	69.7	HC273
C_702	-0.0316909099049627	0.00889326652949603	15.5	HC273
DRB5_101	0	0	0	HC273
DRB5_9901	0	0	0	HC273
DRB4_103	0.028912855357214	0.00742939258119064	82.8	HC273
DRB4_9901	0	0	0	HC273
DRB1_1501	0	0	0	HC273
DQB1_602	0	0	0	HC273
DRB1_701	-0.197711436485316	0.0458039767703518	61.2	HC28
DRB1_1501	0	0	0	HC28
DQA1_201	-0.192728625250193	0.0456960182729095	38.8	HC28
DPB1_401	0.112804166475138	0.0297529251875397	69.9	HC28
A_101	0.0837511413168125	0.0187493929773617	16.8	HC295
DRB3_101	0	0	0	HC295
DRB1_301	0.0980257522196619	0.0206326260041503	57.3	HC295
DQB1_201	0.0944308769142091	0.0206352116266547	26	HC295
DRB3_202	-0.118298193269596	0.0347689644574949	43.7	HC298
DRB3_9901	0	0	0	HC298
DQA1_301	0.10985248754426	0.0268736916918939	91.4	HC298
A_101	0	0	0	HC303
B_801	0.332509579816754	0.0509751089507194	100	HC303
B_4402	0	0	0	HC303
C_701	0	0	0	HC303
DRB4_101	1.0101927344265	0.0544292558249803	100	HC303
DRB4_103	0	0	0	HC303
DRB4_9901	0	0	0	HC303
DRB3_101	0	0	0	HC303
DRB3_9901	0	0	0	HC303
DRB1_301	0	0	0	HC303
DRB1_401	0	0	0	HC303
DQB1_201	0.567256557033146	0.124100750416206	100	HC303
DQB1_301	-0.878708248884081	0.104151168465063	100	HC303
DQB1_501	0	0	0	HC303
DQA1_101	-0.349143368752021	0.0711000002793526	100	HC303
DQA1_301	0	0	0	HC303
DQA1_501	0.828070638546579	0.116905175316894	100	HC303
DPB1_101	0.3567471433976	0.0446545228079077	100	HC303
DPA1_103	0	0	0	HC303
DPA1_201	0	0	0	HC303
A_101	0	0	0	HC310
B_801	-0.0565556548595855	0.0103022953668354	100	HC310
C_701	0	0	0	HC310
DRB3_101	0	0	0	HC310
A_101	0	0	0	HC321
B_801	0.605558017842763	0.0664627320603455	100	HC321
C_701	0	0	0	HC321
DRB3_101	0	0	0	HC321
DRB1_301	0	0	0	HC321
DQB1_201	0	0	0	HC321
DQA1_501	0	0	0	HC321
A_101	0	0	0	HC352
B_801	0.573087020696729	0.0751796594537706	100	HC352
C_701	0	0	0	HC352
DRB3_101	0	0	0	HC352
DRB1_301	0	0	0	HC352
DQB1_201	0	0	0	HC352
DQA1_501	0	0	0	HC352
DPB1_101	0	0	0	HC352
B_801	0.0567979254852045	0.0121841162167298	100	HC382
C_701	0	0	0	HC382
DRB4_103	-0.0833539175059772	0.0210366313282149	51.1	HC382
DRB4_9901	-0.0922481836514517	0.015394769947696	38.2	HC382
DRB1_101	0	0	0	HC382
DRB1_301	0	0	0	HC382
DRB1_401	0.132510518948504	0.0203647510284845	100	HC382
DRB1_1301	0	0	0	HC382
DRB1_1302	0	0	0	HC382
DQB1_201	0	0	0	HC382
DQB1_301	0	0	0	HC382
DQB1_302	0	0	0	HC382
DQB1_501	0	0	0	HC382
DQB1_603	-0.122628093158572	0.0200642477812177	16.2	HC382
DQB1_604	-0.130172386557934	0.0258844308787434	100	HC382
DQA1_101	-0.108847555537218	0.0336197448505917	100	HC382
DQA1_102	-0.0623495372254362	0.0116473677825618	61.8	HC382
DQA1_103	-0.166352513979048	0.0335672167678243	83.8	HC382
DQA1_301	0.0851992375966805	0.0192793698748767	51.1	HC382
DQA1_501	0.0676565515194614	0.0132949808153476	38.2	HC382
A_101	0	0	0	HC38
A_3001	0	0	0	HC38
B_702	-0.128651760688724	0.0341911397647057	86.6	HC38
B_1302	0.291187241378866	0.072041465340421	100	HC38
B_3701	0	0	0	HC38
B_5701	0.502769275175499	0.0521820315994748	100	HC38
C_602	0.84244673108616	0.0456363231227934	100	HC38
C_701	0	0	0	HC38
C_702	0	0	0	HC38
DRB4_103	0	0	0	HC38
DRB4_9901	0	0	0	HC38
DRB3_101	0	0	0	HC38
DRB3_9901	0	0	0	HC38
DRB1_301	-0.139486158296511	0.0335772436314456	62.8	HC38
DRB1_701	0	0	0	HC38
DQB1_201	-0.138278707730728	0.0325362510204252	18.5	HC38
DQB1_202	0	0	0	HC38
DQB1_303	0	0	0	HC38
DQA1_201	0	0	0	HC38
DQA1_501	-0.118298290392981	0.0276792817726545	18.7	HC38
DRB5_101	-0.418431291280769	0.0963482844537326	23.4	HC39
DRB5_9901	0.414504475371997	0.0938637581297856	32.8	HC39
DRB1_101	0	0	0	HC39
DRB1_1501	-0.417919947210577	0.0963547075289899	22.7	HC39
DQB1_501	0.318664879449053	0.0748781619410151	45.2	HC39
DQB1_602	-0.416596726225245	0.0963746485043424	21.1	HC39
DQA1_101	0.303932570916298	0.0709218668475412	54.8	HC39
DQA1_102	0	0	0	HC39
A_101	0	0	0	HC422
B_702	0	0	0	HC422
B_2705	2.17081560728297	0.065700057969237	100	HC422
B_4403	0	0	0	HC422
C_102	0	0	0	HC422
C_202	0.246455387717222	0.0751264311200771	16.6	HC422
C_401	0	0	0	HC422
C_602	0	0	0	HC422
C_702	0	0	0	HC422
DRB3_101	0	0	0	HC422
DRB3_9901	0	0	0	HC422
DRB1_101	0	0	0	HC422
DRB1_103	0	0	0	HC422
DRB1_701	0	0	0	HC422
DQB1_302	0	0	0	HC422
DQB1_501	0	0	0	HC422
DQA1_101	0	0	0	HC422
DQA1_102	0	0	0	HC422
DQA1_201	0	0	0	HC422
DQA1_301	0.171255820022657	0.048412947581023	36.6	HC422
B_2705	0.287629899307856	0.0458733542374445	100	HC430
DRB5_101	0	0	0	HC430
DRB5_9901	0	0	0	HC430
DRB4_101	0	0	0	HC430
DRB4_103	0	0	0	HC430
DRB4_9901	0	0	0	HC430
DRB3_202	-0.205533106683109	0.0464901882266564	100	HC430
DRB3_9901	0.0928885415952966	0.0286095656516693	4.7	HC430
DRB1_401	0.395572794798893	0.0401334863958892	100	HC430
DRB1_404	0.360469455835494	0.0549394985529431	100	HC430
DRB1_701	-0.236702440732867	0.0442024139368241	58.7	HC430
DRB1_1101	-0.262500575310826	0.0828268507437975	19.4	HC430
DRB1_1501	0	0	0	HC430
DQB1_301	0	0	0	HC430
DQB1_302	0	0	0	HC430
DQB1_501	0.120009587799642	0.0328300798407676	56	HC430
DQB1_602	0	0	0	HC430
DQA1_102	-0.199526533381889	0.0384026425427411	100	HC430
DQA1_201	-0.229067913417492	0.040388913438295	41.3	HC430
DQA1_301	0	0	0	HC430
B_801	0	0	0	HC497
B_4403	0	0	0	HC497
C_701	0	0	0	HC497
DRB4_101	0	0	0	HC497
DRB3_101	0.265944886055817	0.0526726732244961	2.9	HC497
DRB1_301	0.289259087636943	0.0542843025481725	28.9	HC497
DRB1_404	0.351563828854124	0.0945296917039818	47.5	HC497
DRB1_701	-0.448601078911264	0.0748949713695932	25.7	HC497
DRB1_1301	-0.495085376812932	0.123044279498217	6	HC497
DQB1_201	0.294645859154233	0.0543014900489269	68.2	HC497
DQB1_603	-0.507780831555424	0.123938795424508	17.6	HC497
DQA1_103	-0.520903458399196	0.123053322672328	76.4	HC497
DQA1_201	-0.45709052359881	0.0750064481882271	74.3	HC497
DQA1_501	0	0	0	HC497
A_2902	0	0	0	HC49
B_4001	0	0	0	HC49
B_4403	0.0972045768651034	0.0228592182156797	67.5	HC49
C_1601	0.103640555829226	0.0258896506113708	24.2	HC49
DRB5_101	0	0	0	HC49
DRB4_101	0.0785552537675298	0.0204335983888691	8.3	HC49
DRB3_9901	0.0656940165814841	0.0127249402547908	100	HC49
DRB1_404	-0.20045656651607	0.0309912696977359	100	HC49
DRB1_701	0	0	0	HC49
DRB1_1301	0	0	0	HC49
DRB1_1501	0	0	0	HC49
DQB1_602	0	0	0	HC49
DQB1_603	0	0	0	HC49
DQA1_101	-0.0838792715767699	0.0162928200357508	100	HC49
DQA1_103	-0.128393799587248	0.0270906221493467	100	HC49
DQA1_201	0	0	0	HC49
DPB1_101	0.0922084517290057	0.0222504297686104	100	HC49
DPB1_301	-0.0904956009416818	0.0221738951762254	100	HC49
DPA1_103	0	0	0	HC49
DPA1_201	0	0	0	HC49
A_101	0.0652655250182557	0.0184671488321679	29.6	HC530
A_201	-0.107140910528471	0.0186963772497149	100	HC530
B_801	0.0703020396346957	0.0201838705547713	24.3	HC530
B_1801	-0.181960038299159	0.0421271523986819	80.3	HC530
B_4001	0.143269469240758	0.0302856623103251	100	HC530
B_4402	-0.156732415972805	0.0260027263395721	80.3	HC530
C_501	-0.154867951950046	0.0254974513232391	19.7	HC530
C_701	0.0616549034127724	0.0185783273177893	11.8	HC530
DRB3_101	0	0	0	HC530
DRB1_301	0	0	0	HC530
DRB1_401	0	0	0	HC530
DQB1_201	0	0	0	HC530
DQB1_301	0	0	0	HC530
DQA1_301	0	0	0	HC530
B_702	0	0	0	HC534
C_401	0	0	0	HC534
DRB5_101	0.162358155882988	0.0198861346289497	25.7	HC534
DRB5_9901	0	0	0	HC534
DRB4_103	0	0	0	HC534
DRB4_9901	0	0	0	HC534
DRB3_202	0	0	0	HC534
DRB3_9901	0	0	0	HC534
DRB1_101	0	0	0	HC534
DRB1_401	0	0	0	HC534
DRB1_1301	0	0	0	HC534
DRB1_1501	0.163412117067476	0.0198830728500186	39.4	HC534
DQB1_302	0	0	0	HC534
DQB1_501	0	0	0	HC534
DQB1_602	0.162617596678977	0.0198260280910655	34.9	HC534
DQB1_603	0	0	0	HC534
DQA1_101	0	0	0	HC534
DQA1_103	0	0	0	HC534
DQA1_301	0.182981364207107	0.0179730619158627	100	HC534
A_101	0	0	0	HC55
B_801	0.170702333168973	0.046440369188423	65.2	HC55
B_4402	0	0	0	HC55
B_5701	-0.346017370672724	0.084703051656769	75.2	HC55
C_501	-0.211098756686062	0.0457140115285348	100	HC55
C_602	0	0	0	HC55
C_701	0	0	0	HC55
DRB4_101	0	0	0	HC55
DRB4_103	0	0	0	HC55
DRB4_9901	0	0	0	HC55
DRB3_101	0	0	0	HC55
DRB3_9901	0	0	0	HC55
DRB1_103	0.472767771463319	0.0770139742197985	100	HC55
DRB1_301	0.444228887258143	0.0948296669137859	100	HC55
DRB1_701	-0.251086005030757	0.0450003892034536	50.4	HC55
DQB1_201	0	0	0	HC55
DQB1_303	-0.289970696480994	0.0737020960011617	24.8	HC55
DQA1_201	-0.250711817851833	0.0449609529454323	49.6	HC55
DQA1_501	0.149511099305361	0.0448511377597669	28.3	HC55
DPB1_101	0	0	0	HC55
B_3501	0.684224836915333	0.116178647276163	100	HC59
C_401	0	0	0	HC59
DRB1_103	0	0	0	HC59
B_801	0	0	0	HC607
C_701	0	0	0	HC607
DRB3_101	0	0	0	HC607
DRB1_101	0	0	0	HC607
DRB1_301	0.139424292658903	0.0172138836502903	30.8	HC607
DRB1_401	0.117935351639859	0.0200304062666636	100	HC607
DQB1_201	0.14102366074005	0.0171925317211473	69.2	HC607
DQB1_501	0	0	0	HC607
DQA1_101	0	0	0	HC607
DQA1_501	0	0	0	HC607
B_801	0.18278980448772	0.040895742811247	100	HC608
B_3906	0.667988911681406	0.138135830108641	100	HC608
C_701	0	0	0	HC608
DRB1_101	0	0	0	HC608
DRB1_301	0	0	0	HC608
DQB1_201	0	0	0	HC608
DQB1_501	0	0	0	HC608
DQA1_101	-0.280477188071753	0.0501673791672389	100	HC608
DRB4_103	0.0544627242267038	0.0116162983586386	100	HC61
DRB4_9901	0	0	0	HC61
B_801	0	0	0	HC620
C_701	0	0	0	HC620
DRB3_101	0	0	0	HC620
DRB1_301	0.118702188210877	0.0169148762104211	12.8	HC620
DQB1_201	0.127143386922108	0.0179220965753726	87.2	HC620
DQA1_102	-0.0599783391637865	0.0163561883334522	65.3	HC620
DQA1_501	0	0	0	HC620
A_101	0	0	0	HC639
A_1101	0	0	0	HC639
B_801	0.458843125887969	0.0767931688502613	100	HC639
B_3501	-0.598062544908146	0.164388016087811	71.1	HC639
B_3801	0	0	0	HC639
C_401	0	0	0	HC639
C_701	0	0	0	HC639
DRB4_103	0	0	0	HC639
DRB4_9901	0.268681959862115	0.0536336592233696	45.9	HC639
DRB3_101	0.364654717741642	0.0726056267886361	10	HC639
DRB3_9901	-0.277310753033192	0.0524318645445234	44.1	HC639
DRB1_101	0	0	0	HC639
DRB1_301	0	0	0	HC639
DRB1_1401	0	0	0	HC639
DQB1_201	0	0	0	HC639
DQB1_501	-0.459673114985813	0.0981124443462972	45.9	HC639
DQB1_503	0.634309916413849	0.141510236561121	100	HC639
DQA1_301	0	0	0	HC639
DQA1_501	0	0	0	HC639
DPB1_101	0	0	0	HC639
B_801	0.0882526541955443	0.0176622639260796	78.9	HC643
B_1501	-0.337726249558793	0.0259858543412808	100	HC643
B_2705	-0.29702673349794	0.0305349992126038	100	HC643
C_303	0	0	0	HC643
C_501	0.0834338327564237	0.0167288482759254	100	HC643
C_701	0.0776065174846066	0.0161454847036245	21.1	HC643
DRB5_101	-0.491004106509356	0.0587771933961727	46.4	HC643
DRB5_9901	-0.335623034081582	0.0570386614767626	100	HC643
DRB3_101	0	0	0	HC643
DRB1_301	0	0	0	HC643
DRB1_401	0	0	0	HC643
DRB1_1501	-0.478584096522242	0.057391743633035	53.6	HC643
DQB1_201	0	0	0	HC643
DQB1_301	0	0	0	HC643
DQB1_602	0	0	0	HC643
DQB1_604	-0.265003151766582	0.0366683052862453	100	HC643
DQA1_102	0	0	0	HC643
DQA1_301	0.205558616108742	0.0148913048973598	100	HC643
DQA1_501	0.183765361180078	0.0160505826343175	100	HC643
DPA1_103	0.167864623021809	0.0143358622443448	100	HC643
A_101	0	0	0	HC645
B_801	0.177328820610867	0.0442950914505111	100	HC645
B_4402	-0.184444891489051	0.040107994128262	25.4	HC645
B_5701	-0.35159399302609	0.0784660321389309	9.3	HC645
C_501	-0.187919564970033	0.0392159477293412	74.6	HC645
C_602	0	0	0	HC645
C_701	0	0	0	HC645
DRB4_101	0	0	0	HC645
DRB4_103	0	0	0	HC645
DRB4_9901	0	0	0	HC645
DRB3_101	0	0	0	HC645
DRB3_9901	0	0	0	HC645
DRB1_103	0.447506701109822	0.0715157759111663	100	HC645
DRB1_301	0.377957727614309	0.0807397666411543	95.6	HC645
DRB1_701	-0.25549900810276	0.0426804482905083	46.3	HC645
DQB1_201	0.288184303205752	0.0536046888897928	4.4	HC645
DQB1_303	-0.331039696425428	0.0693777570550047	90.7	HC645
DQA1_201	-0.254715636781119	0.0426625868294893	53.7	HC645
DQA1_501	0.144612950479552	0.0417501461578715	36.2	HC645
DPB1_101	0	0	0	HC645
A_1101	0	0	0	HC646
B_3501	0.82228528096222	0.0874919258948282	100	HC646
C_401	0	0	0	HC646
DRB1_103	0	0	0	HC646
B_702	0	0	0	HC648
B_801	0	0	0	HC648
B_1501	0	0	0	HC648
C_304	0	0	0	HC648
C_701	0	0	0	HC648
DRB5_101	-0.324111945204002	0.0563905756449923	43	HC648
DRB5_9901	0.298574193320192	0.0534783928119672	9.8	HC648
DRB4_103	0	0	0	HC648
DRB4_9901	0	0	0	HC648
DRB3_101	-0.266020811235496	0.0622465335297542	100	HC648
DRB1_301	0	0	0	HC648
DRB1_401	0.565204780539158	0.0830356052992563	100	HC648
DRB1_701	0	0	0	HC648
DRB1_1501	-0.323731386332224	0.0563931131490249	41.1	HC648
DQB1_201	0.903258143413505	0.0613734509533037	100	HC648
DQB1_302	0.683537304194738	0.0738157787745027	100	HC648
DQB1_602	-0.300803969825394	0.054739372470784	6.1	HC648
DQA1_102	0	0	0	HC648
DQA1_301	-0.240201832055296	0.0728050807021806	29	HC648
DQA1_501	0	0	0	HC648
B_702	0	0	0	HC649
C_702	0	0	0	HC649
DRB5_101	-0.0912762730926367	0.0163182520214377	26.1	HC649
DRB5_9901	0	0	0	HC649
DRB4_103	0	0	0	HC649
DRB4_9901	0	0	0	HC649
DRB3_202	-0.0746718573941474	0.0169462430165626	100	HC649
DRB1_401	0	0	0	HC649
DRB1_1501	-0.0912079847336931	0.0163222173759664	25.3	HC649
DQB1_302	0.0968057391904155	0.0188565468850604	100	HC649
DQB1_602	-0.0931410077991071	0.0163377934981976	48.6	HC649
DQA1_102	0	0	0	HC649
DQA1_301	0	0	0	HC649
B_702	0	0	0	HC652
B_801	0	0	0	HC652
C_701	0	0	0	HC652
C_702	0	0	0	HC652
DRB5_101	-0.0762410472301384	0.019562999918214	22.6	HC652
DRB5_9901	0	0	0	HC652
DRB4_103	0	0	0	HC652
DRB4_9901	0	0	0	HC652
DRB1_301	0	0	0	HC652
DRB1_401	0.13426069620879	0.0216249479785409	100	HC652
DRB1_1501	-0.0765294688539108	0.0195670279777646	23.9	HC652
DQB1_201	0.124748157037051	0.0177450782237261	100	HC652
DQB1_302	0.151958989087005	0.0231428738873014	100	HC652
DQB1_602	-0.0804861135683664	0.0195970449187638	53.4	HC652
DQA1_102	0	0	0	HC652
DQA1_103	0	0	0	HC652
DQA1_301	0	0	0	HC652
B_801	0	0	0	HC654
C_701	0	0	0	HC654
DRB5_101	0	0	0	HC654
DRB5_9901	0	0	0	HC654
DRB3_101	0	0	0	HC654
DRB1_301	0	0	0	HC654
DRB1_401	0.249421099604697	0.0537147781596571	100	HC654
DRB1_1501	0	0	0	HC654
DQB1_201	0.435060934492898	0.0428980417612723	100	HC654
DQB1_302	0.349515807595705	0.0537824297096012	100	HC654
DQB1_602	0	0	0	HC654
DQA1_102	0	0	0	HC654
DQA1_301	0	0	0	HC654
DQA1_501	0	0	0	HC654
B_801	0.333231313932441	0.0732329565303702	21.4	HC662
C_701	0.299297651757881	0.0689307437977454	10.1	HC662
DRB3_101	0.306730016358952	0.0699990732924225	11.6	HC662
DRB1_301	0.335138531573182	0.0723226753612754	30.7	HC662
DQB1_201	0.33238779024061	0.0723167514717011	26.2	HC662
B_2705	0.474687270164925	0.0570596698955007	100	HC6
C_202	0	0	0	HC6
B_702	-0.0461948293978783	0.00949333841697786	77.9	HC700
B_3501	0	0	0	HC700
C_401	0	0	0	HC700
C_702	-0.0430689765524589	0.00923637563104453	22.1	HC700
DRB5_101	0	0	0	HC700
DRB5_9901	0	0	0	HC700
DRB4_103	0.0400086301397048	0.00780747166760004	100	HC700
DRB1_101	0.0558643994255988	0.0114882887175255	50.7	HC700
DRB1_1501	0	0	0	HC700
DQB1_501	0.0501430653057066	0.0103731902995069	41.9	HC700
DQB1_602	0	0	0	HC700
DQA1_101	0.0444814770202881	0.00973514414910445	7.3	HC700
A_201	-0.100668575327397	0.0327894853578555	17.3	HC703
A_301	0.331673525190916	0.0365656617799466	100	HC703
B_702	0	0	0	HC703
C_702	0	0	0	HC703
DRB5_101	0	0	0	HC703
DRB5_9901	0	0	0	HC703
DRB1_1501	0	0	0	HC703
DQB1_602	0	0	0	HC703
B_801	0	0	0	HC709
C_701	0	0	0	HC709
DRB3_101	0	0	0	HC709
DRB1_301	0.252581306652918	0.0480724223145423	60.1	HC709
DQB1_201	0.248554020075829	0.0480852476762492	39.9	HC709
DQA1_501	0	0	0	HC709
DRB5_101	0	0	0	HC78
DRB5_9901	0	0	0	HC78
DRB4_103	0	0	0	HC78
DRB4_9901	0	0	0	HC78
DRB3_202	0	0	0	HC78
DRB3_9901	0	0	0	HC78
DRB1_401	0	0	0	HC78
DRB1_1501	0	0	0	HC78
DQB1_302	0	0	0	HC78
DQB1_501	0.0863137731992648	0.0165679798780598	100	HC78
DQB1_602	0	0	0	HC78
DQB1_603	0	0	0	HC78
DQA1_102	0	0	0	HC78
DQA1_301	0.134641730177574	0.0141957590506747	100	HC78
A_201	-0.311914961324596	0.0466446407976757	100	HC810
A_301	0	0	0	HC810
B_702	0	0	0	HC810
B_1801	0.306067256503531	0.0845060262181422	43.3	HC810
B_4402	0	0	0	HC810
C_304	0	0	0	HC810
C_702	0	0	0	HC810
DRB5_101	0.823911739759915	0.0449871237169946	73.2	HC810
DRB5_9901	0	0	0	HC810
DRB4_103	-0.213675249751616	0.0532681065194751	16.8	HC810
DRB4_9901	0.207896371276947	0.0480055651109381	83.2	HC810
DRB1_401	0	0	0	HC810
DRB1_701	0	0	0	HC810
DRB1_1501	0.817846028244991	0.0445253926062016	26.8	HC810
DQB1_301	0	0	0	HC810
DQB1_302	0	0	0	HC810
DQB1_602	0	0	0	HC810
DQA1_102	0	0	0	HC810
DQA1_201	0	0	0	HC810
DQA1_301	0	0	0	HC810
B_801	-0.108758556878056	0.0250194089252958	10.4	HC853
C_701	0	0	0	HC853
DRB5_101	0.0928728640661914	0.024185551832497	29.1	HC853
DRB4_103	0	0	0	HC853
DRB3_101	-0.123284914310927	0.0280629847440513	58.7	HC853
DRB3_9901	0	0	0	HC853
DRB1_301	-0.113440623555474	0.0251640380839978	21	HC853
DRB1_401	0.0962792123041647	0.0276668651660088	10.2	HC853
DQB1_201	-0.109138650161757	0.0251234783203019	9.9	HC853
DQB1_302	0	0	0	HC853
DQB1_602	0.0941807999913629	0.0243613529177503	48.2	HC853
DQA1_301	0.0950541746216416	0.0231120953399229	79.1	HC853
DQA1_501	0	0	0	HC853
A_101	0	0	0	HC85
B_801	-0.156088382495949	0.0287091731816475	26.8	HC85
C_701	-0.147535117234926	0.0262230746423124	73.2	HC85
B_2705	1.55808896713801	0.0489403333404065	100	HC868
B_4403	0	0	0	HC868
C_102	0	0	0	HC868
C_202	0	0	0	HC868
C_501	0	0	0	HC868
DRB4_101	-0.252758406629519	0.0762753464015903	10.3	HC868
DRB1_103	0	0	0	HC868
DRB1_701	-0.20760716950815	0.0564417942485026	34.9	HC868
DQB1_302	0.1780641888886	0.0510840217945229	9.5	HC868
DQB1_501	0	0	0	HC868
DQA1_201	-0.204641465508151	0.0563021943099877	29.3	HC868
DQA1_301	0	0	0	HC868
B_801	0	0	0	HC881
C_701	0	0	0	HC881
DRB5_101	0	0	0	HC881
DRB5_9901	0	0	0	HC881
DRB4_103	0	0	0	HC881
DRB4_9901	0	0	0	HC881
DRB3_101	0	0	0	HC881
DRB1_301	0	0	0	HC881
DRB1_401	0.363831869510779	0.0549991639344039	100	HC881
DRB1_1501	0	0	0	HC881
DQB1_201	0.41748051960403	0.0455428664914986	100	HC881
DQB1_302	0.466713329020267	0.0572719062816761	100	HC881
DQB1_602	0	0	0	HC881
DQA1_102	0	0	0	HC881
DQA1_301	0	0	0	HC881
DQA1_501	0	0	0	HC881
A_1101	0.111068323327385	0.0251583999624761	100	HC900
B_702	-0.0685516352936344	0.0186137437408959	26.5	HC900
B_2705	0.136373037938579	0.0305590266129856	100	HC900
DRB5_101	-0.072838015687502	0.0197498643713567	21.6	HC900
DRB5_9901	0	0	0	HC900
DRB4_103	0.0542810001296587	0.0150074607345768	53.2	HC900
DRB4_9901	0	0	0	HC900
DRB1_1501	-0.0727193573280273	0.0197562922646722	21.1	HC900
DQB1_302	0	0	0	HC900
DQB1_602	-0.0701933452284905	0.0198309737127091	13.1	HC900
DQA1_102	-0.0646217469670708	0.0161996469684567	4	HC900
A_101	0.184039331939268	0.0549320653392409	29.5	HC91
B_702	0	0	0	HC91
B_1302	0	0	0	HC91
B_2705	0.811183997726166	0.0882384776011156	100	HC91
B_3901	1.26544898034836	0.175105259785413	100	HC91
B_4402	0	0	0	HC91
B_4403	0	0	0	HC91
B_5701	0	0	0	HC91
C_102	0	0	0	HC91
C_501	0	0	0	HC91
C_602	0.817623825634452	0.0669302792463995	100	HC91
DRB4_103	0	0	0	HC91
DRB1_701	0	0	0	HC91
DQB1_303	0.402812325732324	0.0837600081003506	100	HC91
DQA1_101	0.262647741169517	0.0608227236319417	100	HC91
DQA1_102	0	0	0	HC91
DQA1_201	0	0	0	HC91
B_702	-0.0308168516159681	0.0088273734058443	32.7	HC932
C_702	-0.0285681248857845	0.00860666236550802	18.2	HC932
DRB5_101	0	0	0	HC932
DRB5_9901	0	0	0	HC932
DRB4_103	0.0315106978213018	0.0073138444750157	100	HC932
DRB4_9901	0	0	0	HC932
DRB1_1501	0	0	0	HC932
DQB1_602	-0.0281244267883866	0.00909144209796074	8.8	HC932
DRB4_103	0.0556731940054039	0.0112048188257514	100	HC942
DRB4_9901	0	0	0	HC942
DRB4_103	0	0	0	HC95
DRB4_9901	0	0	0	HC95
DRB1_103	0.876892666325193	0.058511812636261	100	HC95
DRB1_404	-0.263004453049879	0.0809990675634851	12.8	HC95
DQB1_302	-0.249004641945603	0.04506701938886	47.1	HC95
DQA1_101	0	0	0	HC95
DQA1_301	-0.164429659804373	0.0366286357974523	52.9	HC95
B_4001	0	0	0	HC96
B_4403	0	0	0	HC96
C_304	0	0	0	HC96
C_602	0	0	0	HC96
DRB5_101	-0.183452758003623	0.0587844842579581	10.3	HC96
DRB5_9901	0	0	0	HC96
DRB4_101	0	0	0	HC96
DRB4_103	0	0	0	HC96
DRB4_9901	0	0	0	HC96
DRB1_401	0.366426093141006	0.0566995745222485	100	HC96
DRB1_404	0.949773238921916	0.0718911989584251	100	HC96
DRB1_701	-0.392131265273297	0.088470023466505	60.1	HC96
DRB1_1501	-0.182904315989002	0.0587934779199721	9.9	HC96
DQB1_202	0	0	0	HC96
DQB1_302	0	0	0	HC96
DQB1_602	-0.202852259628854	0.0591869798962238	29.9	HC96
DQA1_102	-0.173417622022863	0.052653354224023	17.3	HC96
DQA1_201	-0.383876458886397	0.0881982865766204	39.9	HC96
DQA1_301	0	0	0	HC96
A_101	-0.0577898811977384	0.0160142634441261	54.5	HC990
A_301	0.0788824884223925	0.0191774742548051	89.3	HC990
B_702	0.0666440900145423	0.0189128975240066	34.5	HC990
C_702	0.0562946501639188	0.016904016411604	4.9	HC990
DRB5_101	0	0	0	HC990
DQB1_602	0.0582622507794858	0.0170927662365059	16.8	HC990
DQA1_102	0.0511467797400964	0.0153716785559658	13	HC990
