,A_101,A_201,A_301,A_1101,A_2301,A_2402,A_2601,A_2902,A_3001,A_3002,A_3101,A_6802,B_702,B_801,B_1302,B_1501,B_1801,B_2702,B_2705,B_3501,B_3503,B_3701,B_3801,B_3901,B_3906,B_4001,B_4101,B_4402,B_4403,B_4501,B_4701,B_5001,B_5101,B_5201,B_5501,B_5701,C_102,C_202,C_303,C_304,C_401,C_501,C_602,C_701,C_702,C_704,C_1202,C_1203,C_1601,DRB5_101,DRB5_202,DRB5_9901,DRB4_101,DRB4_103,DRB4_9901,DRB3_101,DRB3_202,DRB3_301,DRB3_9901,DRB1_101,DRB1_103,DRB1_301,DRB1_401,DRB1_404,DRB1_405,DRB1_701,DRB1_803,DRB1_901,DRB1_1101,DRB1_1103,DRB1_1301,DRB1_1302,DRB1_1303,DRB1_1401,DRB1_1501,DQB1_201,DQB1_202,DQB1_301,DQB1_302,DQB1_303,DQB1_402,DQB1_501,DQB1_503,DQB1_602,DQB1_603,DQB1_604,DQA1_101,DQA1_102,DQA1_103,DQA1_201,DQA1_301,DQA1_401,DQA1_501,DPB1_101,DPB1_201,DPB1_202,DPB1_301,DPB1_401,DPB1_402,DPB1_501,DPB1_901,DPB1_1001,DPB1_1101,DPB1_1301,DPA1_103,DPA1_104,DPA1_201
HC136,0.08987225282531384,1.0,1.0,1.0,1.0,1.0,1.0,1.0,1.0,1.0,1.0,1.0,1.0,4.885774593082997e-08,1.0,1.0,1.0,1.0,1.0,1.0,1.0,1.0,1.0,1.0,1.0,1.0,1.0,1.0,1.0,1.0,1.0,1.0,1.0,1.0,1.0,1.0,1.0,1.0,1.0,1.0,1.0,1.0,0.4216882475869855,2.8271384907543685e-06,1.0,1.0,1.0,1.0,1.0,1.0,1.0,1.0,0.04522398559242527,1.0,1.0,0.2751061428808103,1.0,1.0,1.0,1.0,1.0,0.00603372973094539,1.0,1.0854825871416977e-10,1.0,3.501496885569743e-05,1.0,1.0,1.0,1.0,1.0,1.0,1.0,1.0,1.0,0.017311458536023568,0.2015664325574688,1.0,3.731976204329854e-06,1.0,1.0,1.0,1.0,1.0,1.0,1.0,1.0,1.0,1.0,2.2731155281344017e-05,2.1928183852392427e-07,1.0,0.775883388314576,1.0,1.0,1.0,1.0,1.0,1.0,1.0,1.0,1.0,1.0,1.0,1.0,1.0,1.0
HC422,0.002841126858905275,0.9699327832240155,1.0,1.0,1.0,1.0,0.3349854462513855,1.0,1.0,1.0,1.0,1.0,0.0009901215637976553,1.0,1.0,0.3567369689165643,1.0,1.4889534437740018e-09,6.916710735523465e-13,1.0,1.0,1.0,1.0,1.0,1.0,1.0,1.0,1.0,0.028162228981259738,1.0,1.0,1.0,1.0,1.0,1.0,0.01616014591744003,6.916710735523465e-13,6.916710735523465e-13,1.0,1.0,0.008453512651584442,1.0,0.0003038221632580233,1.0,0.0035414046058185465,1.0,1.0,1.0,0.26448006347617836,0.35892015289224805,1.0,1.0,1.0,1.0,1.0,0.005428183586449983,1.0,1.0,1.0,5.198871921700834e-09,6.916710735523465e-13,0.8932670906976271,0.19369767122909975,1.0,1.0,0.014818332260157406,1.0,1.0,1.0,1.0,1.0,1.0,1.0,1.0,0.44784908811742014,0.6465420214740594,0.671005722274097,1.0,4.1514729017340555e-06,1.0,1.0,1.2496064049161928e-05,1.0,0.5584150441085799,1.0,1.0,2.050622714379141e-05,0.34438285197067947,1.0,0.02037790761277114,0.0066214203925838095,1.0,1.0,1.0,1.0,1.0,1.0,1.0,1.0,1.0,1.0,1.0,1.0,1.0,1.0,1.0,1.0
1060,1.0,1.0,1.0,1.0,1.0,1.0,1.0,1.0,1.0,1.0,1.0,1.0,1.0,1.0,1.0,1.0,1.0,1.0,1.0,1.0,1.0,1.0,1.0,1.0,1.0,4.636509473983171e-05,1.0,1.0,0.001903934071578396,1.0,1.0,1.0,1.0,1.0,1.0,1.0,1.0,1.0,1.0,6.877364856421389e-05,1.0,1.0,1.0,1.0,1.0,1.0,1.0,1.0,0.04769729626755609,1.0,1.0,1.0,0.05302591031095263,0.09453578156176937,1.0,1.0,1.0,0.13438936286895517,1.0,4.8475767189916216e-05,0.09411070428310067,1.0,1.0,1.0,1.0,0.004635074758829483,1.0,1.0,1.0,1.0,1.0,0.07043129608210554,1.0,1.0,1.0,1.0,0.1799046486528111,1.0,0.00036924440461229464,1.0,1.0,4.613827964867892e-10,1.0,1.0,1.0,0.2907689409203879,1.6752112547699801e-07,1.0,1.0,0.003066928685401052,0.17088522619826174,1.0,1.0,1.0,1.0,1.0,1.0,1.0,1.0,1.0,1.0,1.0,0.12304913789986806,1.0,1.0,1.0,0.015132815987855335
HC28,1.0,1.0,1.0,1.0,1.0,1.0,1.0,1.0,1.0,1.0,1.0,1.0,1.0,1.0,1.0,1.0,1.0,1.0,1.0,1.0,1.0,1.0,1.0,1.0,1.0,1.0,1.0,1.0,1.0,1.0,1.0,1.0,1.0,1.0,1.0,0.43513348944654195,1.0,1.0,1.0,1.0,0.9474630381505408,1.0,1.0,1.0,1.0,1.0,1.0,1.0,1.0,1.0,1.0,1.0,1.0,1.0,1.0,1.0,1.0,1.0,1.0,0.6304046742023828,1.0,1.0,1.0,1.0,1.0,0.04769729626755609,1.0,1.0,1.0,1.0,1.0,1.0,1.0,1.0,1.0,1.0,1.0,1.0,1.0,0.007191828332940923,1.0,1.0,1.0,1.0,1.0,1.0,1.0,1.0,1.0,0.10394218387758562,1.0,1.0,1.0,1.0,1.0,1.0,1.0,1.0,1.0,1.0,1.0,1.0,1.0,1.0,1.0,1.0,1.0
HC6,1.0,1.0,1.0,1.0,1.0,1.0,1.0,1.0,1.0,1.0,1.0,1.0,1.0,1.0,1.0,1.0,1.0,1.0,1.632292875416365e-12,1.0,1.0,1.0,1.0,1.0,1.0,1.0,1.0,1.0,1.0,1.0,1.0,1.0,1.0,1.0,1.0,1.0,0.13625920148981227,0.023633229644064675,1.0,1.0,1.0,1.0,1.0,1.0,1.0,1.0,1.0,1.0,1.0,1.0,1.0,1.0,1.0,1.0,1.0,1.0,1.0,1.0,1.0,1.0,1.0,1.0,1.0,1.0,1.0,1.0,1.0,1.0,1.0,1.0,1.0,1.0,1.0,1.0,1.0,1.0,1.0,1.0,1.0,1.0,1.0,1.0,1.0,1.0,1.0,1.0,1.0,1.0,1.0,1.0,1.0,1.0,1.0,1.0,1.0,1.0,1.0,1.0,1.0,1.0,1.0,1.0,1.0,1.0,1.0,1.0,1.0
HC376,1.0,1.0,1.0,1.0,1.0,1.0,1.0,1.0,1.0,1.0,1.0,1.0,1.0,1.0,1.0,1.0,1.0,1.0,1.0,1.0,1.0,1.0,1.0,1.0,1.0,1.0,1.0,1.0,1.0,1.0,1.0,1.0,1.0,1.0,1.0,1.0,1.0,1.0,1.0,1.0,1.0,1.0,1.0,1.0,1.0,1.0,1.0,1.0,1.0,1.0,1.0,1.0,1.0,1.0,1.0,1.0,1.0,1.0,1.0,1.0,1.0,1.0,1.0,1.0,1.0,1.0,1.0,1.0,1.0,1.0,1.0,1.0,1.0,1.0,1.0,1.0,1.0,1.0,1.0,1.0,1.0,1.0,1.0,1.0,1.0,1.0,1.0,1.0,1.0,1.0,1.0,1.0,1.0,0.03289460451771418,1.0,1.0,1.0,1.0,1.0,1.0,1.0,1.0,1.0,1.0,1.0,1.0,1.0
HC106,1.0,1.0,1.0,1.0,1.0,1.0,1.0,1.0,1.0,1.0,1.0,1.0,1.0,1.0,1.0,1.0,1.0,1.0,1.0,1.0,1.0,1.0,1.0,1.0,1.0,1.0,1.0,1.0,1.0,1.0,1.0,1.0,1.0,1.0,1.0,1.0,1.0,1.0,1.0,1.0,1.0,1.0,1.0,1.0,1.0,1.0,1.0,1.0,1.0,1.0,1.0,1.0,1.0,0.44364962004639275,1.0,1.0,1.0,1.0,1.0,1.0,1.0,1.0,0.03302567770821438,1.0,1.0,1.0,1.0,1.0,1.0,1.0,1.0,1.0,1.0,1.0,1.0,1.0,1.0,1.0,1.0,1.0,1.0,1.0,1.0,1.0,1.0,1.0,1.0,1.0,1.0,1.0,1.0,1.0,1.0,1.0,1.0,1.0,1.0,1.0,1.0,1.0,1.0,1.0,1.0,1.0,1.0,1.0,1.0
HC170,8.249186239093997e-07,1.0,1.0,0.5231233402694926,1.0,1.0,1.0,1.0,1.0,1.0,1.0,1.0,1.0,6.916710735523465e-13,1.0,1.0,1.0,1.0,1.0,0.04335936242389643,1.0,1.0,0.0208400494461322,1.0,1.0,1.0,1.0,0.013486860912181079,1.0,1.0,1.0,1.0,1.0,1.0,1.0,1.0,1.0,1.0,1.0,1.0,0.009827430654594078,0.0788883550307838,1.0,6.916710735523465e-13,1.0,1.0,1.0,1.0,1.0,1.0,1.0,1.0,1.0,0.05968436775639584,0.0021074460558223674,2.0938789925670733e-10,1.0,1.0,0.012738884899051305,0.003063444121481131,1.0,6.916710735523465e-13,0.391141246636307,1.0,1.0,1.0,1.0,1.0,1.0,1.0,1.0,1.0,1.0,1.450473287186971e-06,1.0,6.916710735523465e-13,1.0,1.0,1.0,1.0,1.0,0.016977637023325623,1.9876658261906467e-06,1.0,1.0,1.0,1.0,1.0,1.0,1.0,0.1093555818012934,1.0,6.916710735523465e-13,0.22933427726328387,1.0,1.0,1.0,1.0,1.0,1.0,1.0,1.0,1.0,1.0,1.0,1.0,1.0
HC179,1.0,1.0,1.0,1.0,1.0,1.0,1.0,1.0,1.0,1.0,1.0,1.0,1.0,0.04393403585077383,1.0,1.0,1.0,1.0,1.0,1.0,1.0,1.0,1.0,1.0,1.0,1.0,1.0,1.0,1.0,1.0,1.0,1.0,1.0,1.0,1.0,1.0,1.0,1.0,1.0,1.0,0.43454215018823683,1.0,1.0,1.0,1.0,1.0,1.0,1.0,1.0,1.0,1.0,1.0,1.0,1.0,1.0,0.0003308155241672139,1.0,1.0,1.0,0.0788883550307838,1.0,0.00011092284382618752,0.2520329264619846,1.0,1.0,1.0,1.0,1.0,1.0,1.0,1.0,1.0,1.0,1.0,1.0,0.00016190306916035648,1.0,1.0,1.0,1.0,1.0,0.13955697161591463,1.0,1.0,1.0,1.0,0.23674831643438116,1.0,1.0,1.0,1.0,1.0,0.002983995374289414,1.0,1.0,1.0,1.0,1.0,1.0,1.0,1.0,1.0,1.0,1.0,1.0,1.0,1.0
1055,1.0,1.0,1.0,1.0,1.0,1.0,1.0,1.0,1.0,1.0,1.0,1.0,1.0,1.0,1.0,1.0,1.0,1.0,1.0,1.0,1.0,1.0,1.0,1.0,1.0,1.0,1.0,1.0,1.0,1.0,1.0,1.0,1.0,1.0,1.0,1.0,1.0,1.0,1.0,1.0,1.0,1.0,1.0,1.0,1.0,1.0,1.0,1.0,1.0,1.0,1.0,1.0,1.0,1.0,1.0,1.0,1.0,1.0,1.0,0.15615293031093397,1.0,1.0,1.0,1.0,1.0,1.0,1.0,1.0,1.0,1.0,1.0,1.0,1.0,1.0,1.0,1.0,1.0,1.0,1.0,1.0,1.0,0.023633229644064675,1.0,1.0,1.0,1.0,0.03291784393868789,1.0,1.0,1.0,1.0,1.0,1.0,1.0,1.0,1.0,1.0,1.0,1.0,1.0,1.0,1.0,1.0,1.0,1.0,1.0,1.0
HC17,1.0,1.0,1.0,1.0,1.0,1.0,1.0,1.0,1.0,1.0,1.0,1.0,1.0,0.20552442510688512,1.0,1.0,1.0,1.0,1.0,1.0,1.0,1.0,1.0,1.0,1.0,1.0,0.9313753139727435,1.0,1.0,1.0,1.0,1.0,1.0,1.0,1.0,1.0,1.0,1.0,1.0,1.0,1.0,1.0,1.0,0.30849337278574984,1.0,1.0,1.0,1.0,1.0,0.05364173355322374,1.0,1.0,1.0,1.0,1.0,1.0,1.0,1.0,1.0,1.0,1.0,1.0,0.38832390272296025,1.0,1.0,1.0,1.0,1.0,1.0,1.0,1.0,1.0,1.0,1.0,0.11696018013584236,1.0,1.0,0.8932670906976271,4.444965427394892e-06,1.0,1.0,1.0,1.0,0.0462666738377002,1.0,1.0,1.0,0.06071413399716124,1.0,1.0,0.4415486129577681,1.0,1.0,1.0,1.0,1.0,1.0,1.0,1.0,1.0,1.0,1.0,1.0,1.0,1.0,1.0,1.0
HC201,0.20777779647799346,0.0396929745133032,1.0,1.0,1.0,1.0,1.0,1.0,1.0,1.0,1.0,1.0,1.0,1.0,1.0,1.0,1.0,1.0,1.0,1.0,1.0,1.0,1.0,1.0,1.0,0.13271703935086857,1.0,1.0,1.0,1.0,1.0,1.0,1.0,1.0,1.0,1.0,1.0,1.0,1.0,0.35983713263542805,1.0,1.0,1.0,1.0,1.0,1.0,1.0,1.0,1.0,1.0,1.0,1.4297166877426864e-05,0.3008359088288546,6.199557043471821e-06,1.0,1.0,1.0,1.0,0.16389552953160236,1.0,6.916710735523465e-13,0.04777271211003026,0.43677064686336825,9.098332762145391e-07,1.0,0.677492871993771,1.0,0.5350146944341255,1.0,1.0,0.6062872313324756,0.8919448582411482,1.0,1.0,1.0,0.025444968055134607,1.0,1.0,1.221602277315979e-09,1.0,1.0,0.016220113632255336,1.0,1.0,1.0,1.0,0.0011002510577150539,1.0,1.0,0.5992652819798769,1.5809692683272707e-11,1.0,0.9379110897560099,1.0,1.0,1.0,1.0,1.0,1.0,1.0,1.0,1.0,1.0,1.0,1.0,1.0,1.0
HC55,6.916710735523465e-13,0.43454215018823683,0.6912243838580241,1.0,1.0,1.0,1.0,1.0,1.0,1.0,0.4344988697134097,1.0,1.0,6.916710735523465e-13,1.0,1.0,1.0,1.0,0.35915517012142284,0.5553449361521905,1.0,1.0,1.0,1.0,0.00033284905947682307,1.0,1.0,2.911317231754611e-05,0.0457864176082923,1.0,1.0,1.0,1.0,1.0,1.0,3.385108178231049e-09,1.0,1.0,1.0,1.0,1.0,0.00020352155311941812,3.0277730039042695e-08,6.916710735523465e-13,1.0,1.0,1.0,1.0,0.8554139507879105,1.0,1.0,1.0,4.22433434718896e-05,2.6661471492262246e-07,9.023294005180819e-07,6.916710735523465e-13,1.0,1.0,1.6606259422494327e-05,1.0,0.00022237857640689852,6.916710735523465e-13,1.0,1.0,1.0,6.916710735523465e-13,1.0,1.0,1.0,1.0,0.015945667503116726,1.0,1.0,1.0,1.0,6.916710735523465e-13,0.021569252631325118,1.0,1.0,6.916710735523465e-13,1.0,1.0,1.0,1.0,0.0174247905067995,1.0,1.0,0.9699327832240155,0.13791310598988948,6.916710735523465e-13,1.0,1.0,6.916710735523465e-13,6.916710735523465e-13,1.0,1.0,0.0880919964510419,1.0,1.0,1.0,1.0,1.0,1.0,0.15010921477071953,1.0,1.0,0.002810860366425321
1003,1.0,1.0,1.0,1.0,1.0,1.0,1.0,1.0,1.0,1.0,1.0,1.0,1.0,1.0,1.0,1.0,1.0,1.0,1.0,1.0,1.0,1.0,1.0,1.0,1.0,0.0017818975998984167,1.0,1.0,0.0006977639101559379,1.0,1.0,1.0,1.0,1.0,1.0,1.0,1.0,1.0,1.0,0.0015962191510891976,1.0,1.0,1.0,1.0,1.0,1.0,1.0,1.0,0.041036644309491575,1.0,1.0,1.0,0.09133962765661027,0.03172171539321336,1.0,1.0,1.0,0.04019740762732219,1.0,6.175161731419572e-05,0.5231233402694926,1.0,1.0,1.0,1.0,0.0021074460558223674,1.0,1.0,1.0,1.0,1.0,0.010619754042208555,1.0,1.0,1.0,1.0,0.13743272268625092,1.0,0.00025184349783845554,1.0,1.0,5.078081804838711e-09,1.0,1.0,1.0,0.10575803449552756,1.6503765865725813e-05,1.0,1.0,0.0017889451586980821,0.505049667448736,1.0,1.0,1.0,1.0,1.0,1.0,1.0,1.0,1.0,1.0,1.0,0.15550266238311708,1.0,1.0,1.0,0.029452227166368562
HC243,1.0,1.0,1.0,1.0,1.0,1.0,1.0,1.0,1.0,1.0,1.0,1.0,1.0,0.0253171956187028,1.0,1.0,1.0,1.0,1.0,1.0,1.0,1.0,1.0,1.0,1.0,0.9403600042876112,1.0,1.0,1.0,1.0,1.0,1.0,1.0,1.0,1.0,1.0,1.0,1.0,1.0,1.0,1.0,1.0,1.0,0.443660431246773,1.0,1.0,1.0,1.0,1.0,1.0,1.0,1.0,0.9313753139727435,1.0,1.0,0.03233594833408705,1.0,1.0,1.0,1.0,1.0,0.00037623527548302137,1.0,1.0,1.0,1.0,1.0,1.0,1.0,1.0,1.0,1.0,1.0,1.0,1.0,0.00020428696109505427,1.0,1.0,1.0,1.0,1.0,1.0,1.0,1.0,1.0,1.0,1.0,1.0,1.0,1.0,1.0,1.0,0.04336629680141437,1.0,1.0,1.0,1.0,1.0,0.3766072332442503,1.0,1.0,1.0,1.0,1.0,1.0,1.0,1.0
HC346,1.0,1.0,1.0,1.0,1.0,1.0,1.0,1.0,1.0,1.0,1.0,1.0,1.0,1.0,1.0,1.0,1.0,1.0,1.0,1.0,1.0,1.0,1.0,1.0,1.0,1.0,1.0,1.0,1.0,1.0,1.0,1.0,1.0,1.0,1.0,1.0,1.0,1.0,1.0,1.0,1.0,1.0,1.0,1.0,1.0,1.0,1.0,1.0,1.0,1.0,1.0,1.0,1.0,1.0,1.0,1.0,1.0,1.0,1.0,1.0,1.0,1.0,1.0,1.0,1.0,1.0,1.0,1.0,1.0,1.0,1.0,1.0,1.0,1.0,1.0,1.0,1.0,1.0,1.0,1.0,1.0,1.0,1.0,1.0,1.0,1.0,1.0,1.0,1.0,1.0,1.0,1.0,1.0,1.0,1.0,1.0,1.0,1.0,1.0,1.0,1.0,1.0,1.0,1.0,1.0,0.03233594833408705,1.0
HC382,0.002113458461469875,0.9498655171436737,1.0,1.0,1.0,1.0,1.0,0.004467522677159982,1.0,1.0,1.0,1.0,4.240619049937602e-05,6.916710735523465e-13,1.0,0.00011092284382618752,1.0,1.0,1.0,2.388780371295786e-07,1.0,1.0,1.0,1.0,1.0,1.0,1.0,2.794107376420712e-07,0.02548375611619427,0.9981647079884246,1.0,1.0,1.0,1.0,1.0,0.016827369117994945,1.0,1.0,1.0,1.0,3.973630997137182e-09,1.7189988365218513e-05,1.0,5.494370112995077e-12,0.0002799409627092385,0.8966951570888337,1.0,1.0,0.001048647125753203,0.8057060566700877,1.0,0.02795381285558899,0.023414777896859685,6.916710735523465e-13,0.0036710401732826295,1.5200279868267899e-07,1.0,9.3500684379039e-09,0.45563634123843905,6.916710735523465e-13,1.0,6.916710735523465e-13,6.916710735523465e-13,0.004298655295258817,1.0,1.0,1.0,0.7882886653515941,0.0219331093204635,1.0,6.916710735523465e-13,1.396663977545006e-09,1.0,3.4849581013599e-06,0.4890648927910668,6.916710735523465e-13,1.0,6.916710735523465e-13,6.916710735523465e-13,1.0,1.0,6.916710735523465e-13,2.5032033677472275e-06,1.0,6.916710735523465e-13,1.2121192018769665e-10,6.916710735523465e-13,1.5913392907284993e-05,6.916710735523465e-13,1.0,6.916710735523465e-13,1.0,2.6588052214562685e-10,0.068643114117695,1.0,1.0,0.00023613231256487078,0.7795751898322294,1.0,0.13955697161591463,1.0,1.0,0.11696018013584236,1.0,1.0,1.0,0.002826030343845492
HC95,0.04293719549026846,1.0,1.0,1.0,1.0,1.0,1.0,1.0,1.0,1.0,1.0,1.0,1.0,1.0,1.0,1.0,1.0,1.0,1.0,1.0,1.0,1.0,1.0,1.0,1.0,1.0,1.0,1.0,1.0,1.0,1.0,1.0,1.0,1.0,1.0,1.0,1.0,1.0,1.0,1.0,1.0,1.0,1.0,1.0,1.0,1.0,1.0,1.0,1.0,1.0,1.0,0.0010093298222249596,1.0,0.0015022626175836015,1.0,0.3709794107899248,1.0,1.0,1.0,1.0,6.916710735523465e-13,0.32518790737045145,0.4333700831444618,2.9736515073379843e-06,1.0,1.0,1.0,1.0,1.0,1.0,1.0,1.0,1.0,1.0,1.0,0.15615293031093397,1.0,1.0,1.4269986330831588e-06,1.0,1.0,1.0,1.0,1.0,1.0,1.0,0.9467842174546969,1.0,1.0,1.0,1.1113749195118055e-08,1.0,1.0,1.0,1.0,1.0,1.0,1.0,1.0,1.0,1.0,1.0,1.0,1.0,1.0,1.0,1.0
HC96,1.0,1.0,1.0,1.0,1.0,1.0,1.0,1.0,1.0,1.0,1.0,1.0,1.0,0.29923682508374305,1.0,1.0,1.0,1.0,1.0,1.0,1.0,1.0,1.0,1.0,1.0,0.001615507709002496,1.0,1.0,1.0,1.0,1.0,1.0,1.0,1.0,1.0,1.0,1.0,1.0,1.0,6.030593058843323e-05,1.0,1.0,0.0026871760261956484,0.1940692283665606,1.0,1.0,1.0,1.0,1.0,1.0,1.0,1.0,0.08298340825515406,4.057703389322527e-07,0.7377248967813815,1.0,1.0,1.0,1.0,1.0,1.0,1.0,0.0012073218963286408,6.916710735523465e-13,1.0,9.211905914594666e-06,1.0,1.0,1.0,1.0,1.0,1.0,1.0,1.0,1.0,1.0,0.40524129097108286,1.0,6.916710735523465e-13,0.755074255294645,1.0,1.0,1.0,1.0,1.0,1.0,1.0,1.0,1.0,1.2225540515873591e-05,6.916710735523465e-13,1.0,1.0,1.0,1.0,1.0,1.0,1.0,1.0,1.0,1.0,1.0,1.0,1.0,1.0,1.0,1.0
HC91,0.0018029324054994584,0.9313753139727435,1.0,1.0,1.0,1.0,1.0,1.0,1.0,1.0,1.0,1.0,0.266820040078512,1.0,2.555233985045546e-05,1.0,1.0,1.0,6.916710735523465e-13,1.0,1.0,0.08615273470247096,0.775883388314576,6.747472068590445e-07,1.0,1.0,1.0,0.005861715403289635,0.009662976417430816,1.0,1.0,1.0,1.0,1.0,1.0,6.916710735523465e-13,0.00013965278131259054,1.0,1.0,0.1188890209423556,1.0,0.02345803812891664,6.916710735523465e-13,1.0,1.0,1.0,1.0,1.0,0.05211596433397304,0.45718667480583186,1.0,1.0,0.17047210858921558,0.00044786690114048086,1.0,1.0,1.0,1.0,1.0,1.0,1.0,1.0,1.0,1.0,1.0,0.03395732829005973,1.0,1.0,1.0,1.0,1.0,1.0,1.0,1.0,0.6358520044586483,1.0,1.0,1.0,1.0,6.916710735523465e-13,1.0,1.0,1.0,0.5274838649610033,1.0,1.0,1.0,0.481073181326082,1.0,0.01867092704001304,1.0,1.0,1.0,1.0,1.0,1.0,1.0,1.0,1.0,1.0,1.0,1.0,1.0,1.0,1.0,1.0,1.0
1041,1.0,1.0,1.0,1.0,1.0,1.0,1.0,1.0,1.0,1.0,1.0,1.0,0.4285268479460431,1.0,1.0,0.23674831643438116,1.0,1.0,1.0,1.0,1.0,1.0,1.0,1.0,1.0,1.0,1.0,0.025687186316043067,1.0,1.0,1.0,1.0,1.0,1.0,1.0,1.0,1.0,1.0,1.0,1.0,1.0,1.0,1.0,1.0,0.35065190795122525,1.0,1.0,1.0,1.0,0.4890648927910668,1.0,1.0,1.0,0.4344988697134097,0.7346668429893843,1.0,1.0,0.7513251279098652,1.0,0.051096443475630623,1.0,0.3832601843500448,0.0008999502912698777,1.0,1.0,1.0,1.0,1.0,0.5127866920572425,1.0,0.391141246636307,0.47147348415346985,1.0,1.0,0.8189651538195766,0.4410121920647014,1.0,0.08987225282531384,0.22432303118462268,1.0,1.0,0.0014187447849483593,1.0,1.0,0.3006351058679734,0.6126074146730138,0.4228415829650012,1.0,1.0,1.0,6.855056160427788e-06,1.0,1.0,1.0,1.0,1.0,0.3569786441593754,1.0,1.0,1.0,1.0,1.0,1.0,1.0,1.0,1.0,1.0
HC232,1.0,1.0,1.0,1.0,1.0,1.0,1.0,1.0,1.0,1.0,1.0,1.0,1.0,1.0,1.0,1.0,1.0,1.0,1.0,1.0,1.0,1.0,1.0,1.0,1.0,1.0,1.0,1.0,1.0,1.0,1.0,1.0,1.0,1.0,1.0,1.0,1.0,1.0,1.0,1.0,1.0,1.0,1.0,1.0,1.0,1.0,1.0,1.0,1.0,1.0,1.0,1.0,1.0,1.0,1.0,1.0,1.0,1.0,1.0,1.0,1.0,1.0,1.0,1.0,1.0,1.0,1.0,1.0,1.0,0.029217460627140198,1.0,1.0,1.0,1.0,1.0,1.0,1.0,1.0,1.0,1.0,1.0,1.0,1.0,1.0,1.0,1.0,1.0,1.0,1.0,1.0,1.0,1.0,1.0,1.0,1.0,1.0,1.0,1.0,1.0,0.8914469820113583,1.0,1.0,1.0,1.0,1.0,1.0,1.0
HC151,1.0,2.1613134646965984e-07,0.00022583375903037403,1.0,1.0,1.0,1.0,1.0,1.0,0.7729458353016188,1.0,1.0,9.914797027638584e-09,1.0,1.0,1.0,0.0006162924508298751,1.0,0.020700232089039566,1.0,1.0,0.7846270637210497,1.0,1.0,1.0,0.2160965651136139,1.0,0.002147766770615879,1.0,1.0,1.0,0.3432505925854738,1.0,1.0,1.0,1.0,0.029828315046944946,1.0,1.0,0.012434627097830962,1.0,1.0,1.0,1.0,1.2373245107988665e-07,0.49885239133132875,1.0,1.0,1.0,6.916710735523465e-13,1.0,4.921001181058204e-07,0.4997036267597784,5.730401375317198e-09,3.0254687626532007e-05,1.0,1.0,1.0,1.0,1.0,1.0,1.0,4.177423802019724e-07,1.0,1.0,0.0004800727793606293,1.0,1.0,0.20021232378350923,1.0,0.035608298829024214,1.0,0.029944087609970495,0.9026827563296883,6.916710735523465e-13,1.0,1.0,0.0008605384311700385,0.0030564249759773665,0.17343626999344247,1.0,1.0,0.906089106353574,6.916710735523465e-13,0.05441245673336453,1.0,0.07790248577163449,6.916710735523465e-13,0.013553424917213504,0.0009452713379796744,1.9876658261906467e-06,1.0,1.0,0.6814084742902893,0.6432114026584014,0.9338522823142683,1.0,1.0,1.0,1.0,1.0,1.0,0.5318349102510108,1.0,1.0,1.0,1.0
HC156,1.0,1.0,1.0,1.0,1.0,1.0,1.0,1.0,1.0,1.0,1.0,1.0,0.391141246636307,0.7474108150916544,1.0,1.0,1.0,1.0,1.0,1.0,1.0,1.0,1.0,1.0,1.0,1.0,1.0,1.0,1.0,1.0,1.0,1.0,1.0,1.0,1.0,0.05692298172445,1.0,1.0,1.0,1.0,1.0,1.0,1.0,0.3178335818798389,1.0,1.0,1.0,1.0,1.0,0.0003096251236208219,1.0,1.0,1.0,0.0030311613989526037,0.6045372993340038,1.0,0.09511031484961395,1.0,1.0,1.0,1.0,1.0,0.0032237922105487677,1.198256614116563e-06,1.0,0.028576656431151176,1.0,0.0001524395194651453,1.0,1.0,0.00033284905947682307,1.0,1.0,1.0,0.0008194412409918935,1.0,1.0,1.0,3.9567209884435546e-07,1.0,1.0,1.0,1.0,0.0003277910590632047,0.0010308580608380902,1.0,1.0,0.00147061582706601,0.004362261938941221,0.042196929501664635,6.916710735523465e-13,1.0,1.0,1.0,1.0,1.0,1.0,1.0,1.0,1.0,1.0,1.0,1.0,1.0,1.0,1.0,1.0
HC307,1.0,1.0,1.0,1.0,1.0,1.0,1.0,1.0,1.0,1.0,1.0,1.0,1.0,1.0,1.0,1.0,1.0,1.0,1.0,1.0,1.0,1.0,1.0,1.0,1.0,1.0,1.0,1.0,1.0,1.0,1.0,1.0,1.0,0.6941811701902381,1.0,1.0,1.0,1.0,1.0,1.0,1.0,1.0,1.0,1.0,1.0,1.0,1.0,1.0,1.0,1.0,1.0,0.1505627107862975,1.0,0.5430663650391291,1.0,1.0,1.0,1.0,1.0,1.0,2.847708619968375e-09,1.0,1.0,0.807753854501248,1.0,1.0,1.0,1.0,1.0,1.0,1.0,1.0,1.0,1.0,1.0,1.0,1.0,1.0,1.0,1.0,1.0,1.0,1.0,1.0,1.0,1.0,1.0,1.0,1.0,1.0,0.30536379623214605,1.0,0.9467842174546969,1.0,1.0,1.0,1.0,1.0,1.0,1.0,1.0,1.0,1.0,1.0,1.0,1.0,1.0
HC303,6.916710735523465e-13,6.916710735523465e-13,1.0,0.035709589090177685,1.0,6.348584857016817e-05,1.0,1.0,1.0,1.0,1.0,1.0,6.916710735523465e-13,6.916710735523465e-13,1.0,4.187229961179394e-06,1.0,1.0,0.001055497416443791,5.571223559336164e-11,1.0,0.05047075285390522,1.0,1.0,1.0,0.001879039749817208,1.0,6.916710735523465e-13,8.485362152333957e-05,1.0,1.0,1.0,0.05257846908596219,0.4447222651735395,0.000593907145340998,2.6987114390674793e-12,0.03289460451771418,0.003063444121481131,5.6960455957664e-08,7.847717364652294e-07,1.830796482015783e-11,6.604241021661613e-12,8.080746597528267e-08,6.916710735523465e-13,1.6121325658498652e-10,0.0022540640330470686,0.45976015088636313,0.0016697260593886737,2.2177006099563e-05,5.056077333796186e-09,0.9410668108267819,0.013066758691625222,6.916710735523465e-13,6.916710735523465e-13,6.916710735523465e-13,6.916710735523465e-13,9.492362066561251e-09,0.00012294842536373255,6.916710735523465e-13,6.916710735523465e-13,7.1168566002771395e-06,6.916710735523465e-13,6.916710735523465e-13,0.0007108544370287708,1.0,1.8764813105774013e-10,1.0,0.00013965278131259054,0.0015219465458282686,1.0,4.271562929952563e-12,3.076992016456676e-05,1.0,0.00013010510245076962,5.056077333796186e-09,6.916710735523465e-13,2.398471163877108e-07,6.916710735523465e-13,6.916710735523465e-13,6.916710735523465e-13,0.006841688624723939,6.916710735523465e-13,1.8484217769612909e-06,5.2691051293387186e-09,2.6288911827197226e-11,0.0002925912739266749,6.916710735523465e-13,6.916710735523465e-13,6.916710735523465e-13,1.320639677887889e-10,6.916710735523465e-13,0.021796576912282793,6.916710735523465e-13,6.916710735523465e-13,2.4873034292058895e-06,1.0,0.5873691337679916,5.5470333096279764e-08,0.03074846111865266,1.0,0.013486860912181079,1.0,6.916710735523465e-13,1.0,6.916710735523465e-13,1.0,6.916710735523465e-13
HC308,1.0,1.0,1.0,1.0,1.0,1.0,1.0,1.0,1.0,1.0,1.0,1.0,1.0,1.0,1.0,1.0,1.0,1.0,1.0,1.0,1.0,1.0,1.0,1.0,1.0,1.0,1.0,1.0,1.0,1.0,1.0,1.0,1.0,1.0,1.0,1.0,1.0,1.0,1.0,1.0,1.0,1.0,1.0,1.0,1.0,1.0,1.0,1.0,1.0,1.0,1.0,1.0,1.0,1.0,1.0,1.0,1.0,1.0,1.0,1.0,1.0,1.0,1.0,1.0,1.0,1.0,0.038773338583925746,1.0,1.0,1.0,1.0,1.0,1.0,1.0,1.0,1.0,1.0,1.0,1.0,1.0,1.0,1.0,1.0,1.0,1.0,1.0,1.0,1.0,1.0,1.0,1.0,1.0,1.0,1.0,1.0,1.0,1.0,1.0,1.0,1.0,1.0,1.0,1.0,1.0,1.0,1.0,1.0
HC49,1.0,1.0,1.0,1.0,1.0,1.0,1.0,0.01257390603096591,1.0,1.0,1.0,1.0,1.0,1.0,1.0,1.0,1.0,1.0,1.0,1.0,1.0,1.0,1.0,1.0,1.0,0.10630494239896261,1.0,1.0,1.8139976687440025e-06,0.5231233402694926,1.0,1.0,1.0,1.0,1.0,1.0,1.0,1.0,1.0,1.0,1.0,1.0,1.0,1.0,1.0,1.0,0.8131119086057725,1.0,0.00027942268848628186,0.00022028771851715333,1.0,1.0,1.0086300546034641e-06,1.0,1.0,1.0,1.0,1.0,0.003325880013909589,1.0,1.0,1.0,0.0031455463052321936,1.999405808662861e-08,1.0,0.0005400700605666783,1.0,1.0,1.0,1.0,0.00205929342353085,1.0,0.197480959077061,1.0,0.00027942268848628186,1.0,0.7699966714071873,1.0,1.0,1.0,0.08298340825515406,1.0,0.30321879543328256,0.00020275142040319168,0.000142916262831794,1.0,1.0,0.0788883550307838,1.4019669627398027e-05,0.0006436008972706444,1.0,0.033555725300594114,1.0,0.008207037692803435,1.0,1.0,0.00147061582706601,1.0,1.0,1.0,1.0,1.0,1.0,1.0,1.0,1.0,0.013066758691625222
HC41,1.0,1.0,1.0,1.0,1.0,1.0,1.0,1.0,1.0,1.0,1.0,1.0,1.0,0.0070247357683591695,1.0,1.0,1.0,1.0,1.0,1.0,1.0,1.0,1.0,1.0,1.0,1.0,1.0,1.0,1.0,1.0,1.0,1.0,1.0,1.0,1.0,1.0,1.0,1.0,1.0,1.0,1.0,1.0,1.0,0.06481904333458421,1.0,1.0,1.0,1.0,1.0,1.0,1.0,1.0,1.0,1.0,1.0,1.0,1.0,1.0,1.0,1.0,1.0,1.0,1.0,1.0,1.0,1.0,1.0,1.0,1.0,1.0,1.0,1.0,1.0,1.0,1.0,1.0,1.0,1.0,1.0,1.0,1.0,1.0,1.0,1.0,1.0,1.0,1.0,1.0,1.0,1.0,1.0,1.0,1.0,1.0,1.0,1.0,1.0,1.0,1.0,1.0,1.0,1.0,1.0,1.0,1.0,1.0,1.0
HC404,1.0,1.0,1.0,1.0,1.0,1.0,1.0,1.0,1.0,1.0,1.0,1.0,1.0,1.0,1.0,1.0,1.0,1.0,1.0,1.0,1.0,1.0,1.0,1.0,1.0,1.0,1.0,1.0,1.0,1.0,1.0,1.0,1.0,1.0,1.0,1.0,1.0,1.0,1.0,1.0,1.0,1.0,1.0,1.0,1.0,1.0,1.0,1.0,1.0,1.0,1.0,1.0,1.0,1.0,1.0,0.574758015224282,1.0,1.0,1.0,1.0,1.0,1.0,1.0,1.0,1.0,1.0,1.0,1.0,1.0,1.0,1.0,1.0,1.0,1.0,1.0,1.0,1.0,1.0,1.0,1.0,1.0,1.0,1.0,1.0,1.0,1.0,1.0,1.0,1.0,1.0,1.0,1.0,0.671005722274097,0.010372078323269853,1.0,1.0,1.0,1.0,1.0,1.0,1.0,1.0,1.0,1.0,1.0,1.0,1.0
1037,1.0,1.0,1.0,1.0,1.0,1.0,1.0,1.0,1.0,1.0,0.15123991044947885,1.0,0.279589744329985,1.0,1.0,1.0,1.0,1.0,1.0,1.0,1.0,1.0,1.0,1.0,1.0,1.0,1.0,0.19508785480144905,1.0,1.0,1.0,1.0,1.0,1.0,1.0,1.0,1.0,1.0,1.0,1.0,1.0,1.0,1.0,1.0,0.46385584365032395,1.0,1.0,1.0,1.0,1.0,1.0,1.0,1.0,0.3567369689165643,1.0,1.0,1.0,0.4034928051730759,1.0,0.10449368841044376,1.0,1.0,0.00247115210823702,1.0,1.0,1.0,1.0,1.0,1.0,1.0,1.0,0.4285268479460431,1.0,1.0,1.0,1.0,1.0,0.9238887988076666,0.2642249017851085,1.0,1.0,0.01609993040215028,1.0,1.0,1.0,0.677492871993771,0.47147348415346985,1.0,1.0,1.0,0.00018233991304328887,1.0,1.0,1.0,1.0,1.0,1.0,1.0,1.0,1.0,1.0,1.0,1.0,1.0,1.0,1.0,1.0
1035,1.0,1.0,1.0,1.0,1.0,1.0,1.0,1.0,1.0,1.0,1.0,1.0,1.0,1.0,1.0,1.0,1.0,1.0,1.0,1.0,1.0,1.0,1.0,1.0,1.0,1.0,1.0,1.0,1.0,1.0,1.0,1.0,1.0,1.0,1.0,1.0,1.0,1.0,1.0,1.0,0.9921308711783282,1.0,1.0,1.0,1.0,1.0,1.0,1.0,1.0,1.0,1.0,1.0,1.0,1.0,1.0,1.0,1.0,1.0,1.0,0.04294569552555539,1.0,1.0,1.0,1.0,1.0,1.0,1.0,1.0,1.0,1.0,1.0,1.0,1.0,1.0,1.0,1.0,1.0,1.0,1.0,1.0,1.0,1.0,1.0,1.0,1.0,1.0,1.0,1.0,1.0,1.0,1.0,1.0,1.0,1.0,1.0,1.0,1.0,1.0,1.0,1.0,1.0,1.0,1.0,1.0,1.0,1.0,1.0
HC398,1.0,1.0,1.0,1.0,1.0,1.0,1.0,1.0,1.0,1.0,1.0,1.0,1.0,1.0,1.0,1.0,1.0,1.0,1.0,1.0,1.0,1.0,1.0,1.0,1.0,1.0,1.0,1.0,1.0,1.0,1.0,1.0,1.0,1.0,1.0,1.0,1.0,1.0,1.0,1.0,1.0,1.0,1.0,1.0,1.0,1.0,1.0,1.0,1.0,1.0,1.0,1.0,1.0,1.0,1.0,1.0,0.016827369117994945,1.0,1.0,1.0,1.0,1.0,1.0,1.0,1.0,1.0,1.0,1.0,1.0,1.0,1.0,1.0,1.0,1.0,1.0,1.0,1.0,1.0,1.0,1.0,1.0,1.0,1.0,1.0,1.0,1.0,1.0,1.0,1.0,1.0,1.0,1.0,1.0,1.0,1.0,1.0,1.0,1.0,1.0,1.0,1.0,1.0,1.0,1.0,1.0,1.0,1.0
HC298,1.0,1.0,1.0,1.0,1.0,1.0,1.0,1.0,1.0,1.0,1.0,1.0,1.0,1.0,1.0,1.0,1.0,1.0,0.13320758684524212,0.38262024686901225,1.0,1.0,1.0,1.0,1.0,1.0,1.0,1.0,1.0,1.0,1.0,1.0,1.0,1.0,1.0,1.0,1.0,1.0,1.0,1.0,1.0,1.0,1.0,1.0,1.0,1.0,1.0,1.0,1.0,1.0,1.0,1.0,1.0,1.0,1.0,1.0,0.01655891796005505,1.0,1.0,1.0,1.0,1.0,1.0,1.0,1.0,0.8836739619528197,1.0,1.0,1.0,1.0,1.0,1.0,1.0,1.0,1.0,1.0,1.0,1.0,1.0,1.0,1.0,1.0,1.0,1.0,1.0,1.0,1.0,1.0,1.0,1.0,1.0,1.0,1.0,1.0,1.0,1.0,1.0,1.0,1.0,1.0,1.0,1.0,0.5094878106288012,1.0,1.0,1.0,1.0
HC352,0.0065645231174595664,1.0,1.0,1.0,1.0,1.0,1.0,1.0,1.0,1.0,1.0,1.0,1.0,9.362920765653599e-08,1.0,1.0,1.0,1.0,1.0,1.0,1.0,1.0,1.0,1.0,1.0,1.0,1.0,1.0,1.0,1.0,1.0,1.0,1.0,1.0,1.0,1.0,1.0,1.0,1.0,1.0,1.0,1.0,1.0,1.824985125871156e-05,1.0,1.0,1.0,1.0,1.0,1.0,1.0,1.0,1.0,1.0,1.0,1.2913423212812795e-05,1.0,1.0,1.0,0.7699966714071873,0.4613004903645188,2.0950435936246344e-08,1.0,1.0,1.0,1.0,1.0,1.0,1.0,1.0,1.0,1.0,1.0,1.0,1.0,7.970676898137056e-09,1.0,1.0,1.0,1.0,1.0,1.0,1.0,1.0,1.0,1.0,1.0,1.0,1.0,1.0,1.0,1.0,0.002106657172272059,0.003863580885736618,1.0,1.0,1.0,1.0,1.0,1.0,1.0,1.0,1.0,1.0,1.0,1.0,1.0
HC125,1.0,1.0,1.0,1.0,1.0,1.0,1.0,1.0,1.0,1.0,1.0,1.0,1.0,2.7495117710039487e-05,1.0,1.0,1.0,1.0,1.0,0.3450947737126096,1.0,1.0,1.0,1.0,1.0,1.0,1.0,1.0,1.0,1.0,1.0,1.0,1.0,1.0,1.0,1.0,1.0,1.0,1.0,1.0,0.7670358276557483,1.0,1.0,0.0005513105548517521,1.0,1.0,1.0,1.0,1.0,1.0,1.0,1.0,1.0,1.0,1.0,0.0001750078647785719,1.0,1.0,1.0,0.03582792704939361,1.0,2.16309133482096e-09,0.8141670231003129,1.0,1.0,1.0,1.0,1.0,1.0,1.0,1.0,1.0,1.0,1.0,1.0,1.68311319465097e-09,1.0,1.0,1.0,1.0,1.0,0.13083314285289702,1.0,1.0,0.6910073487847963,1.0,0.30536379623214605,1.0,1.0,1.0,1.0,1.0,0.00042838023652819396,0.3349854462513855,1.0,1.0,1.0,1.0,1.0,1.0,1.0,1.0,1.0,1.0,1.0,1.0,0.22933427726328387
HC85,0.42667972763562007,1.0,1.0,1.0,1.0,1.0,1.0,1.0,1.0,1.0,1.0,1.0,1.0,0.014565524256623212,1.0,0.8057060566700877,1.0,1.0,1.0,1.0,1.0,1.0,1.0,1.0,1.0,1.0,1.0,1.0,1.0,1.0,1.0,1.0,1.0,1.0,1.0,1.0,1.0,1.0,1.0,1.0,1.0,1.0,1.0,0.005579929473759969,1.0,1.0,1.0,1.0,1.0,1.0,1.0,1.0,1.0,1.0,1.0,1.0,1.0,1.0,1.0,1.0,1.0,1.0,1.0,1.0,1.0,1.0,1.0,1.0,1.0,1.0,1.0,1.0,1.0,1.0,1.0,1.0,1.0,1.0,1.0,1.0,1.0,1.0,1.0,1.0,1.0,1.0,1.0,1.0,1.0,1.0,1.0,1.0,1.0,1.0,1.0,1.0,1.0,1.0,1.0,1.0,1.0,1.0,1.0,1.0,1.0,1.0,1.0
HC84,1.0,1.0,1.0,1.0,1.0,1.0,1.0,1.0,1.0,1.0,1.0,1.0,1.0,1.0,1.0,1.0,1.0,1.0,1.0,1.0,1.0,1.0,1.0,1.0,1.0,1.0,1.0,1.0,1.0,1.0,1.0,1.0,1.0,1.0,1.0,1.0,1.0,1.0,1.0,1.0,1.0,1.0,1.0,1.0,1.0,1.0,1.0,1.0,1.0,1.0,1.0,1.0,1.0,1.0,1.0,1.0,1.0,1.0,1.0,1.0,1.0,1.0,1.0,1.0,1.0,1.0,1.0,1.0,1.0,1.0,0.18161120293772792,1.0,1.0,1.0,1.0,1.0,1.0,1.0,1.0,1.0,1.0,1.0,1.0,1.0,0.09031520265922982,1.0,1.0,1.0,0.02552239295674297,1.0,1.0,1.0,1.0,1.0,1.0,1.0,1.0,1.0,1.0,1.0,1.0,1.0,1.0,1.0,1.0,1.0,1.0
HC38,6.916710735523465e-13,1.058535377801687e-07,0.0008480697766551844,1.0,1.0,0.0001758713327549639,1.0,0.08615273470247096,6.916710735523465e-13,1.0,0.0029802689883677794,1.0,6.916710735523465e-13,6.814865100752515e-07,6.916710735523465e-13,0.015070089086961728,0.040535565284238836,1.0,1.0,0.023942826091268306,1.0,6.916710735523465e-13,0.06416214737884446,0.00037470831919809186,1.0,3.174393807973405e-05,1.0,5.716527838368041e-07,2.5032033677472275e-06,2.5823539531076852e-08,6.565863089518652e-08,6.916710735523465e-13,0.0018029324054994584,1.0,1.0,6.916710735523465e-13,1.0,1.0,1.0,9.039214290656468e-08,0.000335832444942095,1.1140439832216074e-06,6.916710735523465e-13,6.510819925893945e-10,6.916710735523465e-13,1.0,1.0,1.0,3.3580933985472366e-07,7.639574818275231e-05,1.0,1.0,0.2160965651136139,6.916710735523465e-13,1.1793170069808116e-08,6.916710735523465e-13,0.5975004965096397,1.0,1.0,1.0,1.0,6.916710735523465e-13,0.008342406309598984,0.09031520265922982,1.0,6.916710735523465e-13,1.0,1.0,0.057949363223126694,1.0,1.0,1.0,1.0,1.0,0.00014021442183762583,6.916710735523465e-13,6.916710735523465e-13,0.2665687249461257,0.008882449007579894,6.916710735523465e-13,1.0,1.0,1.0,0.00016847594321261767,1.0,1.0,1.0,0.0005663056914709838,1.0,6.916710735523465e-13,0.0007513300854336798,1.0,6.916710735523465e-13,0.007348038054880774,1.0,1.0,1.0,1.0,1.0,1.0,1.0,1.0,0.43890327810652896,1.9666726686291858e-07,0.5127866920572425,1.0,1.0
HC430,1.0,0.0337678189263739,1.0,1.0,1.0,1.0,1.0,0.9699327832240155,1.0,1.0,0.6644653446592875,1.0,0.24806651485087658,0.37510743326147333,1.0,0.7050392142811444,1.0,0.6084963568376572,6.916710735523465e-13,1.0,1.0,1.0,1.0,1.0,1.0,1.0,1.0,1.0,0.00031539384822926766,0.0988329678108596,1.0,1.0,1.0,1.0,1.0,1.0,2.555233985045546e-05,1.0,1.0,0.0009901215637976553,1.0,1.0,1.0,1.0,0.38262024686901225,1.0,1.0,1.0,0.0002770121816111077,2.420060777729166e-10,1.0,1.0,3.727016767513469e-08,6.916710735523465e-13,9.44106831095682e-12,1.0,2.30688203514157e-09,0.01054500253083901,0.3232692102022751,6.38908985249315e-07,1.0,1.0,6.916710735523465e-13,6.916710735523465e-13,0.033661969593582496,6.916710735523465e-13,1.0,1.0,1.99403412489783e-05,1.0,0.000772913921765892,0.011447378431447722,1.0,0.3795778688778486,2.55300578393963e-10,1.0,0.07664572842689361,1.985454217109425e-06,6.916710735523465e-13,0.12272878762529059,1.0,2.5974554382135786e-07,1.0,5.77266446789777e-09,0.0010911523986326859,0.9722687435173608,0.008279088516018275,6.916710735523465e-13,0.0005261990560976845,6.916710735523465e-13,6.916710735523465e-13,1.0,0.0969775880602068,1.0,1.0,1.0,1.0,1.0,1.0,1.0,1.0,1.0,0.009760155482569475,1.0,1.0,1.0,0.005844067866321567
HC432,1.0,1.0,1.0,1.0,1.0,1.0,1.0,1.0,1.0,1.0,1.0,1.0,1.0,1.0,1.0,1.0,1.0,1.0,1.0,1.0,1.0,1.0,1.0,1.0,1.0,1.0,1.0,1.0,1.0,1.0,1.0,1.0,1.0,0.035004181742679656,1.0,1.0,1.0,1.0,1.0,1.0,1.0,1.0,1.0,1.0,1.0,1.0,0.03233594833408705,1.0,1.0,1.0,1.0,1.0,1.0,1.0,1.0,1.0,1.0,1.0,1.0,1.0,1.0,1.0,1.0,1.0,1.0,1.0,1.0,1.0,1.0,1.0,1.0,1.0,1.0,1.0,1.0,1.0,1.0,1.0,1.0,1.0,1.0,1.0,1.0,1.0,1.0,1.0,1.0,1.0,1.0,1.0,1.0,1.0,1.0,1.0,1.0,1.0,1.0,1.0,1.0,1.0,1.0,1.0,1.0,1.0,1.0,1.0,1.0
HC221,1.0,1.0,1.0,1.0,1.0,1.0,1.0,1.0,1.0,1.0,1.0,1.0,0.0027735166548139884,0.0033016690314063013,1.0,1.0,1.0,1.0,1.0,1.0,1.0,1.0,1.0,1.0,1.0,1.0,1.0,1.0,1.0,1.0,1.0,1.0,1.0,1.0,1.0,1.0,1.0,1.0,1.0,0.28345568300365814,1.0,1.0,1.0,0.029335068768918386,0.00832081828351185,1.0,1.0,1.0,1.0,1.48172218568408e-09,1.0,1.0,1.0,6.916710735523465e-13,1.0,1.0,0.0029655814954325913,1.0,1.0,1.0,1.0,0.025687186316043067,1.0508116719517142e-11,1.0,1.0,1.0,1.0,1.0,1.0,1.0,0.020327753593244163,1.0,1.0,1.0,4.417887878804693e-10,0.00696913130224652,1.0,1.0,6.916710735523465e-13,1.0,1.0,1.0,1.0,2.334477984203953e-10,0.007983651792648714,1.0,1.0,2.2881038039231668e-08,0.005467779090064671,1.0,6.916710735523465e-13,1.0,1.0,1.0,1.0,1.0,1.0,1.0,1.0,1.0,1.0,1.0,1.0,1.0,1.0,1.0,1.0
HC310,1.0,1.0,1.0,1.0,1.0,1.0,1.0,1.0,1.0,1.0,1.0,1.0,1.0,0.02704219425938961,1.0,1.0,1.0,1.0,1.0,1.0,1.0,1.0,1.0,1.0,1.0,1.0,1.0,1.0,1.0,1.0,1.0,1.0,1.0,1.0,1.0,1.0,1.0,1.0,1.0,1.0,1.0,1.0,1.0,0.010694184731640894,1.0,1.0,1.0,1.0,1.0,1.0,1.0,1.0,1.0,1.0,1.0,0.9403600042876112,1.0,1.0,1.0,1.0,1.0,1.0,1.0,1.0,1.0,1.0,1.0,1.0,1.0,1.0,1.0,1.0,1.0,1.0,1.0,1.0,1.0,1.0,1.0,1.0,1.0,1.0,1.0,1.0,1.0,1.0,1.0,1.0,1.0,1.0,1.0,1.0,1.0,1.0,1.0,1.0,1.0,1.0,1.0,1.0,1.0,1.0,1.0,1.0,1.0,1.0,1.0
HC169,1.0,1.0,1.0,1.0,1.0,1.0,1.0,1.0,1.0,1.0,1.0,1.0,1.0,1.0,1.0,1.0,1.0,1.0,1.0,1.0,1.0,1.0,1.0,1.0,0.009904220751267422,1.0,1.0,1.0,1.0,1.0,1.0,1.0,1.0,1.0,1.0,1.0,0.6392080719384121,1.0,1.0,1.0,1.0,1.0,1.0,1.0,1.0,1.0,1.0,1.0,1.0,1.0,1.0,1.0,1.0,1.0,1.0,1.0,1.0,1.0,1.0,1.0,1.0,1.0,1.0,1.0,1.0,1.0,1.0,1.0,1.0,1.0,0.6276554747136737,1.0,1.0,1.0,1.0,1.0,1.0,1.0,1.0,1.0,1.0,1.0,1.0,1.0,0.30536379623214605,1.0,0.12221667015931928,1.0,0.1954563643705567,1.0,1.0,1.0,1.0,1.0,1.0,1.0,1.0,1.0,1.0,1.0,1.0,1.0,1.0,1.0,1.0,1.0,1.0
HC76,1.0,1.0,1.0,1.0,1.0,1.0,1.0,1.0,1.0,1.0,1.0,1.0,1.0,1.0,1.0,1.0,1.0,1.0,1.0,1.0,1.0,1.0,1.0,1.0,1.0,1.0,1.0,1.0,1.0,1.0,1.0,0.035004181742679656,1.0,1.0,1.0,1.0,1.0,1.0,1.0,1.0,1.0,1.0,1.0,1.0,1.0,1.0,1.0,1.0,1.0,1.0,1.0,1.0,1.0,1.0,1.0,1.0,1.0,1.0,1.0,1.0,1.0,1.0,1.0,1.0,1.0,1.0,1.0,1.0,1.0,1.0,1.0,1.0,1.0,1.0,1.0,1.0,1.0,1.0,1.0,1.0,1.0,1.0,1.0,1.0,1.0,1.0,1.0,1.0,1.0,1.0,1.0,1.0,1.0,1.0,1.0,1.0,1.0,1.0,1.0,1.0,1.0,1.0,1.0,1.0,1.0,1.0,1.0
HC78,1.0,1.0,1.0,1.0,1.0,1.0,1.0,1.0,1.0,1.0,1.0,1.0,1.0,1.0,1.0,1.0,1.0,1.0,1.0,1.0,1.0,1.0,1.0,1.0,1.0,1.0,1.0,1.0,1.0,1.0,1.0,1.0,1.0,1.0,1.0,1.0,1.0,1.0,1.0,0.30536379623214605,1.0,1.0,1.0,1.0,1.0,1.0,1.0,1.0,1.0,0.0015650630018834459,1.0,1.0,1.0,4.378417158218612e-05,0.26950968035550454,1.0,1.0,1.0,1.0,0.03581050696066515,1.0,1.0,2.5725645481897956e-08,0.2748672993770573,1.0,1.0,1.0,1.0,1.0,1.0,0.04336629680141437,1.0,1.0,1.0,0.0021194411027329885,1.0,1.0,1.0,3.838774458215524e-06,1.0,1.0,0.007746252851192384,1.0,0.0038651353487809802,0.017368239462558364,1.0,0.043355876594337685,0.007799631171618181,0.08569099278837254,1.0,7.785513539886801e-07,1.0,1.0,1.0,1.0,1.0,1.0,1.0,1.0,1.0,1.0,1.0,1.0,1.0,1.0,1.0,1.0
HC269,1.0,1.0,1.0,1.0,1.0,1.0,1.0,1.0,1.0,1.0,1.0,1.0,0.028195258319094828,1.0,1.0,1.0,1.0,1.0,1.0,0.35892015289224805,1.0,1.0,1.0,1.0,1.0,1.0,1.0,1.0,1.0,1.0,1.0,1.0,1.0,1.0,1.0,0.02134102086820793,1.0,1.0,1.0,1.0,0.6084963568376572,1.0,0.5231233402694926,1.0,0.5957319681221802,1.0,1.0,1.0,1.0,0.34424478119405166,1.0,1.0,1.0,1.0,1.0,1.0,1.0,1.0,1.0,0.05463184317720078,1.0,0.6392080719384121,1.0,1.0,1.0,1.0,1.0,1.0,1.0,1.0,1.0,1.0,1.0,1.0,0.34253176945167035,1.0,1.0,1.0,1.0,1.0,1.0,0.01991203882914104,1.0,0.3795778688778486,1.0,1.0,0.03200485195737529,0.1909957612673361,1.0,1.0,1.0,1.0,1.0,1.0,1.0,1.0,1.0,1.0,1.0,1.0,1.0,1.0,1.0,1.0,1.0,1.0,1.0
HC261,1.0,1.0,0.9531265189784862,1.0,1.0,1.0,1.0,1.0,1.0,1.0,1.0,1.0,1.0,1.0,1.0,1.0,1.0,1.0,1.0,1.0,1.0,1.0,1.0,1.0,1.0,1.0,1.0,0.8141670231003129,1.0,1.0,1.0,1.0,1.0,1.0,1.0,7.814597497175805e-06,1.0,1.0,1.0,1.0,1.0,1.0,0.008534326122343422,1.0,1.0,1.0,1.0,1.0,1.0,0.49088234993431373,1.0,1.0,0.01171333139623744,1.0,1.0,1.0,1.0,1.0,1.0,1.0,1.0,1.0,0.10211480404937101,1.0,1.0,6.84345780748058e-07,1.0,1.0,1.0,1.0,1.0,1.0,1.0,1.0,0.42737024555874004,1.0,1.0,0.37529987059459763,1.0,0.03843010469360679,1.0,1.0,1.0,0.19756346281999088,1.0,1.0,1.0,1.0,1.0,2.4988556072082865e-07,0.05665013065630291,1.0,1.0,1.0,1.0,1.0,1.0,1.0,1.0,1.0,1.0,1.0,1.0,1.0,1.0,1.0,1.0
HC321,1.0,0.24627353776231337,1.0,1.0,1.0,1.0,1.0,1.0,1.0,1.0,1.0,1.0,1.0,1.1990579174078962e-10,1.0,1.0,1.0,1.0,1.0,1.0,1.0,1.0,1.0,1.0,1.0,1.0,1.0,1.0,1.0,1.0,1.0,1.0,1.0,1.0,1.0,1.0,1.0,1.0,1.0,1.0,1.0,1.0,1.0,6.510819925893945e-10,1.0,1.0,1.0,1.0,1.0,1.0,1.0,1.0,1.0,1.0,1.0,0.00013055788720941274,1.0,1.0,1.0,1.0,1.0,3.2176459742669533e-09,1.0,1.0,1.0,1.0,1.0,1.0,1.0,1.0,0.03767073757184273,1.0,1.0,1.0,1.0,3.250658658387116e-09,1.0,1.0,1.0,1.0,1.0,1.0,1.0,1.0,0.0969775880602068,1.0,1.0,1.0,0.30519646177309107,1.0,1.0,1.0,0.0003401117080370662,1.0,1.0,1.0,1.0,1.0,1.0,1.0,1.0,1.0,1.0,1.0,1.0,1.0,1.0
HC322,0.24627353776231337,1.0,1.0,1.0,1.0,1.0,1.0,1.0,1.0,1.0,1.0,1.0,1.0,1.0,1.0,1.0,1.0,1.0,1.0,1.0,1.0,1.0,1.0,1.0,1.0,1.0,1.0,1.0,1.0,1.0,1.0,1.0,1.0,1.0,1.0,1.0,1.0,1.0,1.0,1.0,1.0,1.0,1.0,1.0,1.0,1.0,1.0,1.0,1.0,1.0,1.0,1.0,1.0,1.0,1.0,1.0,1.0,0.30536379623214605,1.0,0.19921108012028932,6.916710735523465e-13,1.0,1.0,1.0,1.0,1.0,1.0,1.0,1.0,1.0,1.0,0.3569786441593754,1.0,1.0,1.0,1.0,1.0,1.0,1.0,1.0,1.0,1.0,1.0,1.0,1.0,1.0,1.0,1.0,1.0,1.0,1.0,1.0,1.0,1.0,1.0,1.0,1.0,1.0,1.0,1.0,1.0,1.0,1.0,1.0,1.0,1.0,1.0
HC219,1.0,1.0,0.9482520118499538,1.0,8.840252482443148e-05,0.11449799939881355,2.122531568032978e-06,1.0,1.0,0.01671065974832411,1.0,5.663056914709838e-10,0.0020778735145702263,6.916710735523465e-13,1.0,6.916710735523465e-13,1.5200279868267899e-07,1.0,6.916710735523465e-13,1.2160669585271652e-10,0.0008179626316260347,0.052960434700631366,0.8919448582411482,1.0,6.916710735523465e-13,1.0,0.0004543352783995129,5.985679551063004e-10,6.916710735523465e-13,1.0,1.0,1.0,1.0,1.0,1.0,1.3422290120237646e-12,6.916710735523465e-13,0.06281193974552741,6.916710735523465e-13,0.005722668040127835,0.012434627097830962,6.916710735523465e-13,1.7162782707938137e-12,6.916710735523465e-13,1.0,1.0,1.0,1.0,1.8142756411940775e-07,6.916710735523465e-13,0.012504414418892211,1.515580699476302e-05,0.16764644258524278,6.916710735523465e-13,1.0,6.916710735523465e-13,0.009397212347553441,2.3899741645847893e-12,1.0,1.1566364728831606e-12,6.916710735523465e-13,6.916710735523465e-13,6.916710735523465e-13,0.0020655179880352255,0.0027359903333659267,1.1785971082644233e-12,1.0,1.0,1.0,1.0,2.4988556072082865e-07,1.456454341323893e-12,2.5920459510114678e-08,1.0,6.916710735523465e-13,6.916710735523465e-13,1.0,6.916710735523465e-13,1.1217450006701995e-05,0.15615293031093397,1.0,0.001903934071578396,1.0,6.916710735523465e-13,2.5974554382135786e-07,6.916710735523465e-13,0.5735660208488169,6.916710735523465e-13,1.2154853865718675e-06,6.916710735523465e-13,6.916710735523465e-13,1.0,6.916710735523465e-13,1.0,1.171343171166926e-08,9.585468967214124e-09,1.6309603914364332e-08,5.147549408188079e-05,1.0,0.0006644653446592876,1.0,0.04658514663407951,1.503061171008907e-05,1.0,0.0020778735145702263,1.0,4.418582679131626e-10
HC215,1.0,1.0,1.0,1.0,1.0,1.0,1.0,1.0,1.0,1.0,1.0,1.0,0.2109983723186994,1.0,1.0,1.0,1.0,1.0,1.0,1.0,1.0,1.0,1.0,1.0,1.0,1.0,1.0,0.5350146944341255,1.0,1.0,1.0,1.0,1.0,1.0,1.0,0.8410587877157576,1.0,0.8189651538195766,1.0,1.0,1.0,1.0,1.0,1.0,0.042941453151828554,1.0,1.0,1.0,1.0,0.3288508725762006,1.0,1.0,1.0,1.0,1.0,1.0,1.0,1.0,1.0,1.0,0.14713682618279333,1.0,1.0,1.0,1.0,1.0,1.0,1.0,1.0,1.0,1.0,1.0,1.0,1.0,0.30183125947520506,1.0,0.9699327832240155,1.0,1.0,1.0,1.0,1.0,1.0,0.37539573333514287,1.0,1.0,1.0,1.0,1.0,1.0,0.5387556848588819,1.0,1.0,1.0,1.0,1.0,0.04210938523198346,1.0,1.0,1.0,1.0,1.0,1.0,1.0,1.0,1.0,1.0
