HLA Allele	HLA Locus	UKB Allele Frequency
A*01:01	A	0.3871942539916016
A*01:02	A	0.00033807027116794383
A*01:03	A	8.896586083366942e-06
A*02:01	A	0.5366687623069439
A*02:02	A	0.0013077981542549404
A*02:03	A	0.0006286920832245973
A*02:05	A	0.014741643140139026
A*02:06	A	0.0034133235273184504
A*02:07	A	2.9655286944556477e-05
A*02:10	A	0.0
A*02:11	A	0.0011743493630044365
A*02:14	A	0.0
A*02:16	A	0.0
A*02:20	A	4.448293041683472e-05
A*02:64	A	0.0
A*03:01	A	0.2880269744490048
A*03:02	A	0.0021144219591468765
A*11:01	A	0.11942777158311785
A*11:02	A	2.965528694455648e-06
A*11:03	A	5.931057388911296e-06
A*23:01	A	0.03379516500201656
A*24:02	A	0.14050081848591967
A*24:03	A	0.0005664159806410287
A*24:04	A	2.9655286944556477e-05
A*24:07	A	5.337951650020166e-05
A*24:10	A	1.1862114777822593e-05
A*25:01	A	0.029082939906526536
A*26:01	A	0.032757229958957086
A*26:03	A	0.0
A*26:08	A	0.0013611776707551425
A*29:01	A	0.001639937368033973
A*29:02	A	0.0848289483049038
A*30:01	A	0.02010331901971484
A*30:02	A	0.01940938530521221
A*30:04	A	0.0018949728357571586
A*31:01	A	0.053421033901924035
A*31:03	A	0.0
A*31:04	A	0.0
A*32:01	A	0.06909385305212214
A*33:01	A	0.01083307632084648
A*33:03	A	0.003466703043818652
A*34:01	A	0.0
A*34:02	A	0.0018267656757846788
A*36:01	A	1.1862114777822593e-05
A*40:27	A	0.0
A*43:86	A	0.0
A*66:01	A	0.005545538658632061
A*66:02	A	1.1862114777822593e-05
A*68:01	A	0.0601231287513938
A*68:02	A	0.011601148252710494
A*68:17	A	1.4827643472278235e-05
A*69:01	A	0.0004566914189461697
A*74:01	A	0.0006553818414746981
A*74:03	A	7.710374605584683e-05
A*80:01	A	0.00015124196341723803
B*07:02	B	0.2941211359161111
B*07:05	B	0.002508837275509478
B*08:01	B	0.2872855922753909
B*13:01	B	1.1862114777822593e-05
B*13:02	B	0.03811890583853289
B*14:01	B	0.02289981257858651
B*14:02	B	0.04984460629641052
B*15:01	B	0.11830976726530805
B*15:02	B	1.4827643472278235e-05
B*15:03	B	0.0011654527769210696
B*15:04	B	5.931057388911296e-06
B*15:05	B	2.965528694455648e-06
B*15:06	B	5.931057388911296e-06
B*15:07	B	1.1862114777822593e-05
B*15:08	B	8.896586083366942e-06
B*15:09	B	8.896586083366942e-06
B*15:10	B	0.0002253801807786292
B*15:11	B	0.0
B*15:12	B	0.0
B*15:13	B	2.965528694455648e-06
B*15:15	B	0.0
B*15:16	B	0.000732485587530545
B*15:17	B	0.003392564826457261
B*15:18	B	0.0021292496026191553
B*15:20	B	8.896586083366942e-06
B*15:21	B	0.0
B*15:24	B	0.0002817252259732865
B*15:25	B	1.4827643472278235e-05
B*15:26	B	0.0
B*15:27	B	0.0
B*15:29	B	0.0
B*15:30	B	0.0
B*15:31	B	0.0
B*15:37	B	0.0
B*18:01	B	0.0699449597874309
B*18:02	B	0.0
B*18:03	B	0.00018979383644516146
B*18:04	B	0.0
B*27:02	B	0.0012425565229769162
B*27:03	B	0.00013048326255604852
B*27:04	B	0.0
B*27:05	B	0.07698215937937415
B*27:06	B	0.0
B*27:07	B	0.00010379350430594768
B*35:01	B	0.08498019026832104
B*35:02	B	0.002120353016535788
B*35:03	B	0.014634884107138618
B*35:04	B	0.0
B*35:05	B	2.9655286944556477e-05
B*35:08	B	0.0016636615975896185
B*35:09	B	0.0
B*35:10	B	0.0
B*35:12	B	2.965528694455648e-06
B*35:17	B	0.0
B*35:19	B	0.0
B*35:20	B	0.0
B*35:21	B	0.0
B*35:22	B	0.0
B*35:41	B	2.965528694455648e-06
B*35:43	B	0.0
B*37:01	B	0.026200446015515647
B*38:01	B	0.013617707764940331
B*38:02	B	0.0
B*39:01	B	0.0118413560769614
B*39:02	B	3.5586344333467766e-05
B*39:03	B	0.0
B*39:05	B	0.0
B*39:06	B	0.013149154231216341
B*39:08	B	0.0
B*39:09	B	0.0
B*39:10	B	7.710374605584683e-05
B*39:11	B	0.0
B*39:15	B	0.0
B*39:24	B	0.0
B*40:01	B	0.11013380465469384
B*40:02	B	0.015189437973001828
B*40:04	B	0.0
B*40:06	B	0.00017793172166733886
B*40:09	B	0.0
B*40:10	B	0.0
B*40:12	B	1.7793172166733883e-05
B*41:01	B	0.003819600958458874
B*41:02	B	0.006660577447747384
B*41:04	B	0.0
B*42:01	B	0.0003084149842233873
B*44:02	B	0.22127885459419705
B*44:03	B	0.11569120542810372
B*44:04	B	0.0007917961614196579
B*44:05	B	0.0022093188773694575
B*44:07	B	2.965528694455648e-06
B*45:01	B	0.01293267063652108
B*46:01	B	0.0
B*47:01	B	0.006135678868828735
B*48:01	B	0.00019869042252852842
B*48:02	B	0.0
B*48:03	B	0.0
B*49:01	B	0.022644777110863323
B*50:01	B	0.016716685250646485
B*50:02	B	0.0
B*51:01	B	0.06950606154065146
B*51:02	B	0.0
B*51:05	B	2.0758700861189533e-05
B*51:06	B	0.0
B*51:07	B	8.006927475030249e-05
B*51:08	B	0.0011506251334487913
B*51:23	B	5.931057388911296e-06
B*52:01	B	0.009700244359564424
B*53:01	B	0.004632155820739722
B*54:01	B	5.931057388911296e-06
B*55:01	B	0.03620910535930345
B*55:02	B	8.896586083366942e-06
B*56:01	B	0.005017674551018956
B*56:03	B	0.0
B*56:04	B	0.0
B*57:01	B	0.07779767977034946
B*57:02	B	0.00038551873027923417
B*57:03	B	7.710374605584683e-05
B*58:01	B	0.009842589736898295
B*58:02	B	8.896586083366942e-06
B*59:01	B	5.931057388911296e-06
B*67:01	B	0.0
B*70:20	B	0.0
B*73:01	B	0.00032917368508457684
B*78:01	B	1.4827643472278235e-05
B*81:01	B	5.931057388911296e-06
B*82:01	B	8.896586083366942e-06
B*82:02	B	0.0
C*01:02	C	0.06800846954995136
C*02:02	C	0.07189331213968826
C*02:10	C	2.965528694455648e-06
C*03:02	C	0.002508837275509478
C*03:03	C	0.10841972906929848
C*03:04	C	0.15734205594173328
C*03:05	C	0.0
C*03:06	C	8.896586083366942e-06
C*04:01	C	0.1654320182202083
C*04:03	C	7.710374605584683e-05
C*04:07	C	0.0
C*05:01	C	0.22720101539702495
C*06:02	C	0.17862862091053594
C*07:01	C	0.35247977509430384
C*07:02	C	0.31436680031315983
C*07:04	C	0.03480937581552039
C*07:26	C	5.931057388911296e-06
C*08:01	C	0.00020165595122298403
C*08:02	C	0.07163531114327062
C*08:04	C	2.965528694455648e-06
C*12:02	C	0.009649830371758678
C*12:03	C	0.056413252354629774
C*14:02	C	0.018187587483096488
C*14:03	C	8.896586083366942e-06
C*15:02	C	0.033400749685653965
C*15:04	C	0.00013641431994495978
C*15:05	C	0.001126900903893146
C*16:01	C	0.08843503119736186
C*16:02	C	0.003294702379540225
C*16:04	C	0.0010497971578372993
C*17:01	C	0.0062958174183293395
C*18:01	C	0.00021944912338971788
DRB5*01:01	DRB5	0.2876533178335033
DRB5*01:02	DRB5	0.0
DRB5*02:02	DRB5	0.013181775046855351
DRB5*99:01	DRB5	1.6752953666579675
DRB4*01:01	DRB4	0.1488428507034234
DRB4*01:03	DRB4	0.4769489454579962
DRB4*99:01	DRB4	1.2761796873146545
DRB3*01:01	DRB3	0.3328005266778961
DRB3*02:02	DRB3	0.2570016132476098
DRB3*02:10	DRB3	3.262081563901213e-05
DRB3*02:24	DRB3	0.00013344879125050415
DRB3*03:01	DRB3	0.07452373609167043
DRB3*99:01	DRB3	1.293118787217385
DRB1*01:01	DRB1	0.17986228084742947
DRB1*01:02	DRB1	0.014276055135109487
DRB1*01:03	DRB1	0.032751298901568165
DRB1*03:01	DRB1	0.2963512134943418
DRB1*03:02	DRB1	3.8551873027923416e-05
DRB1*04:01	DRB1	0.2070739721477545
DRB1*04:02	DRB1	0.005035467723185689
DRB1*04:03	DRB1	0.0015272472776446586
DRB1*04:04	DRB1	0.07576036155725842
DRB1*04:05	DRB1	0.008991483001589523
DRB1*04:06	DRB1	0.0006494507840857867
DRB1*04:07	DRB1	0.003054494555289317
DRB1*04:08	DRB1	0.0009697278830869966
DRB1*04:10	DRB1	1.4827643472278235e-05
DRB1*04:11	DRB1	8.896586083366942e-06
DRB1*07:01	DRB1	0.28919835828331475
DRB1*08:01	DRB1	0.034127304215795594
DRB1*08:02	DRB1	0.00034400132855685515
DRB1*08:03	DRB1	0.004771535669379137
DRB1*08:04	DRB1	0.0016073165523949608
DRB1*08:06	DRB1	0.0011002111456430454
DRB1*08:07	DRB1	8.896586083366942e-06
DRB1*08:10	DRB1	5.931057388911296e-06
DRB1*08:11	DRB1	5.931057388911296e-06
DRB1*09:01	DRB1	0.025909824203458998
DRB1*10:01	DRB1	0.011393561244098595
DRB1*11:01	DRB1	0.04970226091907665
DRB1*11:02	DRB1	0.0035882897202913337
DRB1*11:03	DRB1	0.004267395791321678
DRB1*11:04	DRB1	0.017627102559844367
DRB1*11:06	DRB1	5.931057388911296e-06
DRB1*11:11	DRB1	8.896586083366942e-06
DRB1*11:43	DRB1	0.0
DRB1*12:01	DRB1	0.027787003867049416
DRB1*12:02	DRB1	3.8551873027923416e-05
DRB1*13:01	DRB1	0.09897155464876277
DRB1*13:02	DRB1	0.07529180802353444
DRB1*13:03	DRB1	0.01640530473772864
DRB1*13:04	DRB1	9.489691822258073e-05
DRB1*13:05	DRB1	4.744845911129037e-05
DRB1*13:12	DRB1	2.668975825010083e-05
DRB1*13:15	DRB1	2.965528694455648e-06
DRB1*13:21	DRB1	5.931057388911296e-06
DRB1*14:01	DRB1	0.036401864724443074
DRB1*14:02	DRB1	8.600033213921377e-05
DRB1*14:03	DRB1	1.1862114777822593e-05
DRB1*14:04	DRB1	0.0005931057388911295
DRB1*14:05	DRB1	0.0
DRB1*14:06	DRB1	3.262081563901213e-05
DRB1*14:07	DRB1	0.0
DRB1*14:09	DRB1	0.0
DRB1*14:10	DRB1	0.0
DRB1*14:15	DRB1	1.1862114777822593e-05
DRB1*14:44	DRB1	0.0
DRB1*15:01	DRB1	0.2862002087732201
DRB1*15:02	DRB1	0.008190790254086498
DRB1*15:03	DRB1	0.00013344879125050415
DRB1*16:01	DRB1	0.009990866171621076
DRB1*16:02	DRB1	0.0005130364641408269
DQB1*02:01	DQB1	0.2968642499584826
DQB1*02:02	DQB1	0.06376183245949088
DQB1*03:01	DQB1	0.34669402861142085
DQB1*03:02	DQB1	0.2072163175250884
DQB1*03:03	DQB1	0.10442219638917226
DQB1*03:04	DQB1	0.002253801807786292
DQB1*04:01	DQB1	2.3724229555645185e-05
DQB1*04:02	DQB1	0.039741050034400136
DQB1*05:01	DQB1	0.2401307205048516
DQB1*05:02	DQB1	0.012520462147991743
DQB1*05:03	DQB1	0.043219615192996615
DQB1*05:04	DQB1	0.002749045099760385
DQB1*06:01	DQB1	0.008235273184503334
DQB1*06:02	DQB1	0.2770990012099357
DQB1*06:03	DQB1	0.09861569120542812
DQB1*06:04	DQB1	0.05456276244928946
DQB1*06:05	DQB1	1.4827643472278235e-05
DQB1*06:09	DQB1	0.01993724941282532
DQA1*01:01	DQA1	0.2824072975730113
DQA1*01:02	DQA1	0.378775118028042
DQA1*01:03	DQA1	0.10801345163815804
DQA1*01:04	DQA1	8.896586083366942e-06
DQA1*02:01	DQA1	0.2891064268937866
DQA1*03:01	DQA1	0.4025972100306043
DQA1*03:02	DQA1	3.8551873027923416e-05
DQA1*03:03	DQA1	0.0016814547697563524
DQA1*04:01	DQA1	0.03867939076178501
DQA1*05:01	DQA1	0.4422226044459206
DQA1*05:03	DQA1	2.965528694455648e-06
DQA1*05:05	DQA1	0.0005248985789186497
DQA1*05:09	DQA1	0.000100827975611492
DQA1*06:01	DQA1	0.004964295034518754
DPB1*01:01	DPB1	0.11779673080116725
DPB1*02:01	DPB1	0.18532181917392232
DPB1*02:02	DPB1	0.013706673625774005
DPB1*03:01	DPB1	0.1254952432919741
DPB1*04:01	DPB1	0.7807643946762829
DPB1*04:02	DPB1	0.20131491542312166
DPB1*05:01	DPB1	0.04028374178548552
DPB1*05:02	DPB1	0.0
DPB1*06:01	DPB1	1.1862114777822593e-05
DPB1*09:01	DPB1	0.003872980474959076
DPB1*09:02	DPB1	0.0
DPB1*10:01	DPB1	0.02905625014827644
DPB1*11:01	DPB1	0.05197385589902968
DPB1*13:01	DPB1	0.02889611159877583
DPB1*14:01	DPB1	0.013546535076273396
DPB1*15:01	DPB1	0.013739294441413016
DPB1*16:01	DPB1	0.003374771654290527
DPB1*17:01	DPB1	0.022036843728499917
DPB1*18:01	DPB1	2.668975825010083e-05
DPB1*19:01	DPB1	0.010462385234039523
DPB1*20:01	DPB1	0.0015153851628668359
DPB1*21:01	DPB1	2.3724229555645185e-05
DPB1*22:01	DPB1	0.0
DPB1*23:01	DPB1	0.0016517994828117958
DPB1*26:01	DPB1	5.63450451946573e-05
DPB1*28:01	DPB1	2.965528694455648e-06
DPB1*30:01	DPB1	2.965528694455648e-06
DPB1*31:01	DPB1	2.965528694455648e-06
DPB1*33:01	DPB1	1.1862114777822593e-05
DPB1*34:01	DPB1	1.1862114777822593e-05
DPB1*35:01	DPB1	0.0
DPB1*40:01	DPB1	2.965528694455648e-06
DPB1*45:01	DPB1	0.0
DPB1*48:01	DPB1	0.0
DPB1*81:01	DPB1	0.0
DPB1*85:01	DPB1	0.0
DPA1*01:03	DPA1	1.6245314464662757
DPA1*01:04	DPA1	0.009344380916229746
DPA1*01:05	DPA1	0.0011298664325876018
DPA1*01:07	DPA1	0.0
DPA1*02:01	DPA1	0.2910399516025717
DPA1*02:02	DPA1	0.060814096937201974
DPA1*03:01	DPA1	0.00015124196341723803
DPA1*04:01	DPA1	5.931057388911296e-06
