Unnamed: 0,1.18507145473e+12
A_101,130565.0
A_102,114.0
A_103,3.0
A_201,180969.0
A_202,441.0
A_203,212.0
A_205,4971.0
A_206,1151.0
A_207,10.0
A_210,0.0
A_211,396.0
A_214,0.0
A_216,0.0
A_220,15.0
A_264,0.0
A_301,97125.0
A_302,713.0
A_1101,40272.0
A_1102,1.0
A_1103,2.0
A_2301,11396.0
A_2402,47378.0
A_2403,191.0
A_2404,10.0
A_2407,18.0
A_2410,4.0
A_2501,9807.0
A_2601,11046.0
A_2603,0.0
A_2608,459.0
A_2901,553.0
A_2902,28605.0
A_3001,6779.0
A_3002,6545.0
A_3004,639.0
A_3101,18014.0
A_3103,0.0
A_3104,0.0
A_3201,23299.0
A_3301,3653.0
A_3303,1169.0
A_3401,0.0
A_3402,616.0
A_3601,4.0
A_4027,0.0
A_4386,0.0
A_6601,1870.0
A_6602,4.0
A_6801,20274.0
A_6802,3912.0
A_6817,5.0
A_6901,154.0
A_7401,221.0
A_7403,26.0
A_8001,51.0
B_702,99180.0
B_705,846.0
B_801,96875.0
B_1301,4.0
B_1302,12854.0
B_1401,7722.0
B_1402,16808.0
B_1501,39895.0
B_1502,5.0
B_1503,393.0
B_1504,2.0
B_1505,1.0
B_1506,2.0
B_1507,4.0
B_1508,3.0
B_1509,3.0
B_1510,76.0
B_1511,0.0
B_1512,0.0
B_1513,1.0
B_1515,0.0
B_1516,247.0
B_1517,1144.0
B_1518,718.0
B_1520,3.0
B_1521,0.0
B_1524,95.0
B_1525,5.0
B_1526,0.0
B_1527,0.0
B_1529,0.0
B_1530,0.0
B_1531,0.0
B_1537,0.0
B_1801,23586.0
B_1802,0.0
B_1803,64.0
B_1804,0.0
B_2702,419.0
B_2703,44.0
B_2704,0.0
B_2705,25959.0
B_2706,0.0
B_2707,35.0
B_3501,28656.0
B_3502,715.0
B_3503,4935.0
B_3504,0.0
B_3505,10.0
B_3508,561.0
B_3509,0.0
B_3510,0.0
B_3512,1.0
B_3517,0.0
B_3519,0.0
B_3520,0.0
B_3521,0.0
B_3522,0.0
B_3541,1.0
B_3543,0.0
B_3701,8835.0
B_3801,4592.0
B_3802,0.0
B_3901,3993.0
B_3902,12.0
B_3903,0.0
B_3905,0.0
B_3906,4434.0
B_3908,0.0
B_3909,0.0
B_3910,26.0
B_3911,0.0
B_3915,0.0
B_3924,0.0
B_4001,37138.0
B_4002,5122.0
B_4004,0.0
B_4006,60.0
B_4009,0.0
B_4010,0.0
B_4012,6.0
B_4101,1288.0
B_4102,2246.0
B_4104,0.0
B_4201,104.0
B_4402,74617.0
B_4403,39012.0
B_4404,267.0
B_4405,745.0
B_4407,1.0
B_4501,4361.0
B_4601,0.0
B_4701,2069.0
B_4801,67.0
B_4802,0.0
B_4803,0.0
B_4901,7636.0
B_5001,5637.0
B_5002,0.0
B_5101,23438.0
B_5102,0.0
B_5105,7.0
B_5106,0.0
B_5107,27.0
B_5108,388.0
B_5123,2.0
B_5201,3271.0
B_5301,1562.0
B_5401,2.0
B_5501,12210.0
B_5502,3.0
B_5601,1692.0
B_5603,0.0
B_5604,0.0
B_5701,26234.0
B_5702,130.0
B_5703,26.0
B_5801,3319.0
B_5802,3.0
B_5901,2.0
B_6701,0.0
B_7020,0.0
B_7301,111.0
B_7801,5.0
B_8101,2.0
B_8201,3.0
B_8202,0.0
C_102,22933.0
C_202,24243.0
C_210,1.0
C_302,846.0
C_303,36560.0
C_304,53057.0
C_305,0.0
C_306,3.0
C_401,55785.0
C_403,26.0
C_407,0.0
C_501,76614.0
C_602,60235.0
C_701,118859.0
C_702,106007.0
C_704,11738.0
C_726,2.0
C_801,68.0
C_802,24156.0
C_804,1.0
C_1202,3254.0
C_1203,19023.0
C_1402,6133.0
C_1403,3.0
C_1502,11263.0
C_1504,46.0
C_1505,380.0
C_1601,29821.0
C_1602,1111.0
C_1604,354.0
C_1701,2123.0
C_1801,74.0
DRB5_101,96999.0
DRB5_102,0.0
DRB5_202,4445.0
DRB5_9901,564923.0
DRB4_101,50191.0
DRB4_103,160831.0
DRB4_9901,430338.0
DRB3_101,112223.0
DRB3_202,86663.0
DRB3_210,11.0
DRB3_224,45.0
DRB3_301,25130.0
DRB3_9901,436050.0
DRB1_101,60651.0
DRB1_102,4814.0
DRB1_103,11044.0
DRB1_301,99932.0
DRB1_302,13.0
DRB1_401,69827.0
DRB1_402,1698.0
DRB1_403,515.0
DRB1_404,25547.0
DRB1_405,3032.0
DRB1_406,219.0
DRB1_407,1030.0
DRB1_408,327.0
DRB1_410,5.0
DRB1_411,3.0
DRB1_701,97520.0
DRB1_801,11508.0
DRB1_802,116.0
DRB1_803,1609.0
DRB1_804,542.0
DRB1_806,371.0
DRB1_807,3.0
DRB1_810,2.0
DRB1_811,2.0
DRB1_901,8737.0
DRB1_1001,3842.0
DRB1_1101,16760.0
DRB1_1102,1210.0
DRB1_1103,1439.0
DRB1_1104,5944.0
DRB1_1106,2.0
DRB1_1111,3.0
DRB1_1143,0.0
DRB1_1201,9370.0
DRB1_1202,13.0
DRB1_1301,33374.0
DRB1_1302,25389.0
DRB1_1303,5532.0
DRB1_1304,32.0
DRB1_1305,16.0
DRB1_1312,9.0
DRB1_1315,1.0
DRB1_1321,2.0
DRB1_1401,12275.0
DRB1_1402,29.0
DRB1_1403,4.0
DRB1_1404,200.0
DRB1_1405,0.0
DRB1_1406,11.0
DRB1_1407,0.0
DRB1_1409,0.0
DRB1_1410,0.0
DRB1_1415,4.0
DRB1_1444,0.0
DRB1_1501,96509.0
DRB1_1502,2762.0
DRB1_1503,45.0
DRB1_1601,3369.0
DRB1_1602,173.0
DQB1_201,100105.0
DQB1_202,21501.0
DQB1_301,116908.0
DQB1_302,69875.0
DQB1_303,35212.0
DQB1_304,760.0
DQB1_401,8.0
DQB1_402,13401.0
DQB1_501,80974.0
DQB1_502,4222.0
DQB1_503,14574.0
DQB1_504,927.0
DQB1_601,2777.0
DQB1_602,93440.0
DQB1_603,33254.0
DQB1_604,18399.0
DQB1_605,5.0
DQB1_609,6723.0
DQA1_101,95230.0
DQA1_102,127726.0
DQA1_103,36423.0
DQA1_104,3.0
DQA1_201,97489.0
DQA1_301,135759.0
DQA1_302,13.0
DQA1_303,567.0
DQA1_401,13043.0
DQA1_501,149121.0
DQA1_503,1.0
DQA1_505,177.0
DQA1_509,34.0
DQA1_601,1674.0
DPB1_101,39722.0
DPB1_201,62492.0
DPB1_202,4622.0
DPB1_301,42318.0
DPB1_401,263280.0
DPB1_402,67885.0
DPB1_501,13584.0
DPB1_502,0.0
DPB1_601,4.0
DPB1_901,1306.0
DPB1_902,0.0
DPB1_1001,9798.0
DPB1_1101,17526.0
DPB1_1301,9744.0
DPB1_1401,4568.0
DPB1_1501,4633.0
DPB1_1601,1138.0
DPB1_1701,7431.0
DPB1_1801,9.0
DPB1_1901,3528.0
DPB1_2001,511.0
DPB1_2101,8.0
DPB1_2201,0.0
DPB1_2301,557.0
DPB1_2601,19.0
DPB1_2801,1.0
DPB1_3001,1.0
DPB1_3101,1.0
DPB1_3301,4.0
DPB1_3401,4.0
DPB1_3501,0.0
DPB1_4001,1.0
DPB1_4501,0.0
DPB1_4801,0.0
DPB1_8101,0.0
DPB1_8501,0.0
DPA1_103,547805.0
DPA1_104,3151.0
DPA1_105,381.0
DPA1_107,0.0
DPA1_201,98141.0
DPA1_202,20507.0
DPA1_301,51.0
DPA1_401,2.0
